id_viagem,id_passageiro,id_motorista,distancia_km,tempo_min,tarifa,avaliacao_passageiro,avaliacao_motorista,metodo_pagamento
1,1102,864,3.69,7.34,18.25,3.1,4.1,Cartão
2,1435,504,23.3,68.95,101.46,4.3,4.6,Cartão
3,1860,618,26.6,34.31,111.73,4.1,3.2,Cartão
4,1270,788,32.58,79.83,76.52,3.2,4.6,Dinheiro
5,1106,873,32.86,45.43,142.71,3.1,4.6,Pix
6,1071,564,18.87,31.64,82.19,5.0,4.0,Pix
7,1700,645,28.47,46.05,108.28,3.1,3.1,Dinheiro
8,1020,723,24.57,71.11,122.14,3.9,3.3,Cartão
9,1614,738,44.36,130.18,132.0,4.0,4.4,Cartão
10,1121,676,26.98,36.86,130.15,3.2,4.4,Cartão
11,1466,766,22.61,23.61,107.27,3.3,4.8,Dinheiro
12,1214,840,20.82,50.8,42.36,3.7,4.2,Dinheiro
13,1330,781,29.05,53.34,97.33,4.5,3.2,Cartão
14,1458,562,40.39,47.57,199.18,4.0,3.2,Cartão
15,1087,716,27.38,64.82,63.23,4.3,4.4,Cartão
16,1372,841,33.42,69.85,121.76,5.0,3.4,Cartão
17,1099,814,37.15,110.0,183.4,4.5,3.7,Cartão
18,1871,782,26.49,38.54,97.13,3.9,4.0,Cartão
19,1663,676,21.91,39.61,56.3,3.9,3.0,Cartão
20,1130,960,43.96,91.66,164.7,4.2,3.5,Dinheiro
21,1661,916,21.46,55.44,56.08,4.3,3.8,Cartão
22,1308,597,23.64,49.59,84.14,4.0,3.6,Cartão
23,1769,604,49.53,110.24,110.06,4.3,3.3,Cartão
24,1343,598,1.01,1.47,3.85,3.0,4.5,Cartão
25,1491,884,10.09,27.18,35.82,3.9,4.6,Cartão
26,1413,904,19.81,36.79,83.61,3.6,3.5,Cartão
27,1805,995,46.7,59.87,181.76,3.3,4.5,Cartão
28,1385,810,4.43,10.31,16.16,3.2,3.8,Cartão
29,1191,505,1.46,2.09,5.94,4.2,4.0,Dinheiro
30,1955,975,3.58,4.28,8.71,4.0,4.7,Cartão
31,1276,964,5.34,14.55,20.22,3.5,4.5,Dinheiro
32,1160,696,2.84,5.45,7.15,3.9,4.6,Cartão
33,1459,850,24.51,61.24,117.07,4.0,3.3,Cartão
34,1313,632,29.46,46.58,64.96,3.4,3.1,Cartão
35,1021,857,14.31,36.83,47.1,4.3,4.8,Cartão
36,1252,758,20.52,25.11,83.87,4.6,3.8,Pix
37,1747,936,5.49,9.4,18.52,4.6,3.6,Dinheiro
38,1856,522,17.48,51.67,39.79,4.2,4.4,Pix
39,1560,984,26.6,68.84,97.36,4.0,4.7,Pix
40,1474,552,36.88,73.56,144.75,3.1,4.7,Dinheiro
41,1058,664,1.16,1.95,4.77,3.6,3.6,Cartão
42,1510,701,23.9,65.59,74.56,3.2,4.7,Cartão
43,1681,957,15.55,32.49,57.39,4.9,3.1,Pix
44,1475,582,42.79,107.7,143.43,3.3,3.1,Dinheiro
45,1699,644,36.06,90.45,144.82,3.3,4.2,Cartão
46,1975,584,29.87,30.94,112.03,4.8,3.1,Dinheiro
47,1782,577,14.59,18.27,52.19,4.9,3.6,Cartão
48,1189,956,45.61,105.78,125.36,4.5,4.3,Cartão
49,1957,865,3.21,4.25,6.44,3.0,3.7,Cartão
50,1686,500,6.36,9.61,16.04,3.0,3.4,Dinheiro
51,1957,550,20.19,58.42,47.47,3.8,3.6,Dinheiro
52,1562,672,7.1,15.05,23.77,3.3,3.9,Cartão
53,1875,704,47.86,119.72,183.63,3.0,4.0,Cartão
54,1566,759,40.1,84.85,105.83,3.9,4.6,Cartão
55,1243,945,13.69,28.82,65.95,4.9,4.5,Dinheiro
56,1831,948,29.84,35.46,60.28,3.6,3.9,Cartão
57,1504,868,49.13,82.9,212.09,4.3,4.7,Cartão
58,1130,987,44.33,69.37,171.81,4.3,3.2,Cartão
59,1484,787,30.44,54.23,94.99,3.5,3.5,Cartão
60,1818,533,45.28,117.58,97.42,4.3,4.7,Cartão
61,1646,847,49.47,86.27,192.07,3.4,3.8,Dinheiro
62,1020,594,37.42,71.22,118.13,3.2,5.0,Cartão
63,1840,571,4.18,7.5,20.1,4.4,3.9,Dinheiro
64,1166,538,20.68,24.54,74.99,3.2,4.6,Cartão
65,1273,653,42.05,79.14,202.64,5.0,3.8,Cartão
66,1387,749,12.3,17.11,32.74,3.4,3.8,Cartão
67,1600,661,41.7,57.27,174.19,4.2,3.8,Dinheiro
68,1315,937,6.9,8.2,26.58,3.8,4.4,Pix
69,1013,617,3.3,5.65,13.92,3.3,4.1,Pix
70,1241,758,19.82,49.85,52.4,3.1,4.9,Cartão
71,1776,878,2.8,4.35,11.19,4.2,3.5,Cartão
72,1345,805,47.91,77.84,167.4,4.6,3.2,Dinheiro
73,1564,767,41.48,94.8,175.4,4.7,3.8,Dinheiro
74,1897,948,40.24,56.0,119.96,4.0,4.2,Cartão
75,1339,553,31.86,89.01,148.79,4.6,4.7,Dinheiro
76,1091,735,11.6,23.67,26.13,4.3,3.7,Cartão
77,1366,888,26.39,50.01,116.69,4.4,4.3,Cartão
78,1955,977,30.27,64.04,138.76,4.0,3.7,Cartão
79,1454,721,26.73,35.61,119.0,4.3,4.2,Cartão
80,1427,750,13.75,30.62,48.65,4.6,4.8,Cartão
81,1508,812,26.25,45.31,87.02,3.8,3.5,Cartão
82,1775,900,25.07,70.05,125.07,4.6,3.8,Cartão
83,1942,611,49.82,66.64,133.89,4.2,5.0,Cartão
84,1034,754,44.97,90.57,163.72,3.3,4.7,Cartão
85,1205,802,23.71,52.07,95.13,3.0,4.1,Dinheiro
86,1080,906,31.52,33.62,129.31,3.7,4.0,Cartão
87,1931,706,37.65,65.04,98.34,4.1,3.6,Cartão
88,1561,728,2.71,6.68,10.74,4.7,4.0,Cartão
89,1871,840,44.85,118.44,199.81,3.3,4.7,Pix
90,1387,897,43.15,70.18,92.77,4.6,4.4,Cartão
91,1001,565,23.41,60.8,110.84,4.7,3.6,Cartão
92,1389,574,20.17,59.21,42.13,3.3,3.4,Cartão
93,1565,934,14.38,39.02,44.12,4.7,3.5,Dinheiro
94,1105,602,24.36,30.09,49.88,5.0,3.3,Cartão
95,1771,921,3.17,7.86,7.07,4.5,3.2,Cartão
96,1821,691,42.76,70.1,202.4,4.6,3.8,Cartão
97,1476,751,2.74,8.16,8.4,5.0,3.2,Cartão
98,1702,725,17.12,33.74,56.06,4.2,3.3,Dinheiro
99,1401,793,46.65,58.07,123.44,3.6,4.1,Dinheiro
100,1729,805,37.03,90.74,140.39,4.7,3.3,Dinheiro
101,1555,597,14.79,24.34,55.97,4.2,3.1,Dinheiro
102,1161,837,13.38,40.06,41.7,4.2,3.6,Cartão
103,1201,785,1.25,3.7,3.75,3.5,3.4,Cartão
104,1957,834,35.09,81.14,163.34,4.5,4.0,Dinheiro
105,1995,846,3.39,4.27,10.68,3.2,3.2,Cartão
106,1269,934,27.1,64.33,94.32,4.8,4.5,Dinheiro
107,1862,946,48.14,57.1,137.19,3.7,4.8,Cartão
108,1815,981,6.36,6.73,27.73,3.3,4.5,Cartão
109,1270,807,44.83,118.62,143.11,3.9,4.1,Dinheiro
110,1455,748,49.58,70.38,175.55,3.1,4.7,Dinheiro
111,1461,665,4.01,7.05,11.07,4.4,4.4,Dinheiro
112,1726,980,44.26,130.43,219.66,4.8,3.0,Cartão
113,1251,971,26.29,44.0,75.57,4.7,3.8,Dinheiro
114,1701,834,45.42,72.35,195.86,3.3,4.7,Cartão
115,1295,529,28.99,82.23,95.16,3.3,3.7,Cartão
116,1724,746,33.44,40.85,87.57,4.6,3.1,Pix
117,1719,605,27.65,69.65,121.64,4.8,4.5,Dinheiro
118,1748,550,43.36,129.05,130.12,3.9,4.6,Cartão
119,1337,580,36.96,103.58,169.85,4.0,3.3,Dinheiro
120,1878,632,26.54,61.13,125.95,3.6,4.1,Cartão
121,1052,784,43.54,70.89,199.39,4.8,3.4,Cartão
122,1791,887,13.02,19.64,27.41,4.3,4.4,Cartão
123,1921,637,8.71,22.98,37.99,3.6,3.5,Pix
124,1216,683,8.86,24.45,28.65,3.6,3.6,Cartão
125,1763,900,17.37,35.62,80.27,4.8,4.7,Dinheiro
126,1187,829,12.7,18.91,49.71,3.0,4.0,Cartão
127,1379,772,46.57,57.09,209.61,3.6,4.3,Dinheiro
128,1492,839,6.19,7.27,21.65,4.1,3.8,Cartão
129,1040,971,35.25,85.94,127.08,3.3,3.6,Dinheiro
130,1156,568,10.27,18.9,24.99,3.2,4.3,Cartão
131,1014,533,44.2,124.23,192.36,4.6,3.3,Dinheiro
132,1812,761,48.1,119.26,156.72,4.8,3.7,Pix
133,1064,552,23.81,32.92,83.34,4.6,3.4,Dinheiro
134,1856,949,44.07,98.17,191.94,4.8,4.4,Cartão
135,1838,704,1.25,2.34,4.75,4.1,4.9,Pix
136,1520,625,41.18,88.72,107.2,4.6,5.0,Cartão
137,1343,734,12.2,30.21,46.0,3.8,3.9,Dinheiro
138,1128,542,45.53,118.94,146.74,4.3,3.5,Dinheiro
139,1647,739,1.05,2.82,3.58,5.0,3.9,Cartão
140,1471,958,28.25,42.6,58.9,3.5,4.7,Cartão
141,1062,870,38.08,40.45,100.15,3.8,3.4,Cartão
142,1138,610,13.68,33.91,38.89,4.0,4.9,Cartão
143,1498,748,10.46,12.68,43.29,3.3,3.7,Dinheiro
144,1592,650,5.12,8.34,10.42,3.2,5.0,Cartão
145,1391,682,17.0,17.13,54.85,4.7,4.7,Cartão
146,1674,835,28.43,67.19,135.67,5.0,4.6,Cartão
147,1418,594,6.68,8.91,15.6,3.8,3.6,Cartão
148,1288,958,19.46,44.96,69.07,3.2,3.0,Cartão
149,1378,873,1.44,4.3,6.28,3.1,3.8,Dinheiro
150,1772,899,41.12,47.1,198.51,4.8,3.6,Cartão
151,1489,507,7.29,8.41,30.91,3.9,3.1,Dinheiro
152,1230,887,14.88,25.01,61.93,3.6,4.0,Cartão
153,1040,859,1.9,5.19,8.51,4.0,3.8,Cartão
154,1027,887,22.18,31.74,74.05,3.6,4.3,Dinheiro
155,1134,683,42.17,72.56,186.29,4.0,4.2,Cartão
156,1200,780,20.22,22.99,40.92,4.7,3.2,Cartão
157,1839,694,9.8,24.76,46.78,4.2,5.0,Cartão
158,1779,851,37.93,68.9,126.3,4.4,3.4,Cartão
159,1929,694,39.65,99.86,145.12,3.7,3.9,Cartão
160,1032,654,9.51,26.7,26.29,4.5,4.0,Cartão
161,1047,592,38.77,56.82,163.9,4.3,4.6,Cartão
162,1502,659,47.42,123.99,105.74,3.2,3.2,Cartão
163,1406,933,9.15,10.23,42.25,4.1,3.9,Cartão
164,1573,560,38.78,108.49,173.9,3.5,4.3,Cartão
165,1727,621,35.72,82.21,94.59,4.6,3.4,Cartão
166,1804,550,24.21,66.54,107.2,3.9,4.3,Cartão
167,1098,902,3.84,3.84,16.74,5.0,4.8,Pix
168,1683,776,4.66,6.24,18.16,3.2,5.0,Cartão
169,1871,504,42.77,76.11,133.47,4.6,3.1,Dinheiro
170,1725,965,49.52,87.11,139.37,4.3,3.5,Cartão
171,1986,591,34.13,49.61,91.99,4.5,3.6,Pix
172,1546,669,22.85,40.29,67.54,3.6,3.8,Cartão
173,1960,816,32.73,41.16,154.18,4.0,3.5,Pix
174,1738,521,30.13,55.0,67.28,4.6,3.4,Dinheiro
175,1612,904,19.8,51.57,88.83,3.5,4.9,Cartão
176,1942,825,4.22,8.26,12.86,3.5,4.8,Dinheiro
177,1461,500,41.25,42.74,147.05,4.1,3.1,Cartão
178,1642,632,19.22,35.42,84.25,4.0,3.7,Cartão
179,1768,732,41.12,43.35,191.34,3.6,3.8,Dinheiro
180,1004,511,13.37,39.21,40.57,3.6,3.5,Pix
181,1217,845,1.05,1.32,3.55,3.6,4.3,Cartão
182,1502,545,8.79,21.23,28.51,4.5,4.3,Cartão
183,1766,533,23.96,70.58,48.87,4.3,4.7,Dinheiro
184,1397,932,47.27,125.36,136.51,4.7,4.5,Dinheiro
185,1870,577,6.01,14.42,20.3,5.0,4.1,Dinheiro
186,1794,717,42.86,114.82,138.58,3.9,4.3,Dinheiro
187,1392,800,26.82,79.48,111.73,3.1,3.5,Cartão
188,1206,910,41.47,93.0,130.81,3.1,4.2,Pix
189,1014,572,15.62,33.09,54.17,3.6,4.0,Cartão
190,1857,781,42.16,95.13,138.66,4.9,3.3,Cartão
191,1553,748,38.87,80.28,164.1,4.0,3.5,Cartão
192,1891,546,12.27,27.86,56.31,3.5,3.6,Cartão
193,1460,620,7.44,14.13,26.75,3.8,4.8,Cartão
194,1690,713,43.53,62.55,190.15,4.2,3.5,Dinheiro
195,1574,738,48.2,59.79,139.32,4.3,3.6,Cartão
196,1863,555,2.53,2.88,9.17,3.3,3.7,Cartão
197,1742,849,36.83,56.23,111.8,5.0,4.3,Dinheiro
198,1240,606,45.57,49.77,147.77,4.1,3.2,Cartão
199,1563,818,43.01,91.8,180.52,3.3,4.9,Cartão
200,1095,547,48.26,75.66,224.17,4.8,4.7,Cartão
201,1899,560,38.24,101.3,90.42,3.1,4.2,Pix
202,1733,836,22.67,26.04,88.5,4.8,4.3,Cartão
203,1484,525,16.29,23.66,61.03,5.0,3.0,Cartão
204,1406,791,16.72,41.14,39.38,4.4,3.7,Cartão
205,1230,756,36.5,80.21,96.2,4.5,4.6,Cartão
206,1748,507,37.55,42.39,110.13,3.7,3.2,Cartão
207,1654,612,10.82,29.8,27.06,4.9,3.6,Cartão
208,1170,854,43.54,119.93,118.92,4.1,4.2,Cartão
209,1540,752,36.03,59.84,100.98,4.5,3.5,Pix
210,1035,679,28.57,48.02,85.91,4.8,4.9,Cartão
211,1524,706,24.11,71.8,102.42,5.0,3.3,Cartão
212,1159,802,27.62,62.21,102.63,4.7,4.6,Cartão
213,1838,626,8.8,18.15,43.64,3.6,4.0,Cartão
214,1698,555,10.98,29.39,35.62,4.9,4.5,Dinheiro
215,1242,713,5.47,8.59,23.31,4.3,3.6,Cartão
216,1085,513,8.53,15.85,39.36,4.9,4.0,Cartão
217,1795,973,23.23,35.67,93.78,4.4,4.7,Dinheiro
218,1577,527,26.99,69.59,87.33,3.6,3.9,Cartão
219,1681,970,1.88,4.04,8.01,3.7,3.7,Cartão
220,1556,577,40.04,92.8,104.54,4.1,4.1,Cartão
221,1573,715,15.41,23.19,45.96,4.6,4.4,Cartão
222,1952,885,45.68,65.8,166.28,3.6,3.9,Cartão
223,1645,864,48.41,95.69,180.39,4.2,4.9,Cartão
224,1795,653,10.09,24.97,20.85,3.7,3.6,Cartão
225,1027,513,23.64,48.47,114.31,4.6,4.0,Dinheiro
226,1619,686,1.06,1.13,4.34,3.9,4.5,Cartão
227,1555,811,30.32,82.99,105.73,3.2,4.4,Cartão
228,1339,870,30.76,34.74,147.63,3.3,4.7,Cartão
229,1797,506,13.13,38.23,43.56,3.1,5.0,Cartão
230,1957,502,28.36,29.79,140.14,4.0,3.9,Cartão
231,1330,610,12.05,28.79,42.62,3.2,3.2,Pix
232,1639,906,8.88,10.34,20.8,3.2,3.1,Dinheiro
233,1505,737,32.92,92.88,141.37,4.9,4.5,Pix
234,1347,862,16.97,32.73,68.5,4.7,4.7,Dinheiro
235,1472,738,29.92,38.15,129.22,3.9,3.4,Cartão
236,1230,992,22.23,37.38,107.91,5.0,3.3,Cartão
237,1189,773,49.23,65.46,213.14,3.0,3.1,Cartão
238,1224,793,8.33,11.17,31.94,4.2,4.6,Cartão
239,1384,726,23.77,68.84,108.67,4.2,3.6,Pix
240,1376,870,34.34,64.92,138.04,3.9,3.8,Cartão
241,1282,514,20.38,52.53,65.71,3.8,4.0,Dinheiro
242,1957,691,48.76,111.13,227.07,3.9,4.7,Cartão
243,1632,972,36.37,85.57,96.95,3.8,4.3,Dinheiro
244,1627,618,33.19,41.93,137.54,4.5,4.2,Pix
245,1972,984,38.1,55.94,176.96,3.3,3.4,Dinheiro
246,1744,527,47.68,122.7,199.97,3.4,4.0,Dinheiro
247,1258,701,45.48,133.78,186.1,3.4,4.4,Cartão
248,1358,538,36.49,55.66,155.37,3.5,4.9,Dinheiro
249,1709,940,37.71,58.19,128.03,4.1,3.4,Pix
250,1455,772,8.15,15.86,37.67,3.2,3.0,Dinheiro
251,1410,730,6.04,17.92,15.77,4.7,3.2,Dinheiro
252,1648,585,28.97,44.55,69.01,3.6,3.8,Dinheiro
253,1317,973,1.9,3.45,5.43,3.3,4.6,Dinheiro
254,1676,625,24.64,68.57,88.57,4.4,3.0,Cartão
255,1224,799,11.31,11.38,39.94,3.1,3.9,Dinheiro
256,1818,524,17.95,19.38,80.09,4.2,3.7,Cartão
257,1233,644,39.01,86.14,125.37,4.4,3.1,Cartão
258,1683,512,47.12,132.63,162.71,3.4,3.9,Cartão
259,1663,711,4.55,6.72,9.28,3.1,3.5,Cartão
260,1974,524,27.18,52.71,87.77,3.7,3.7,Cartão
261,1826,567,44.24,84.1,174.45,3.2,4.4,Cartão
262,1373,893,5.04,9.81,10.31,3.2,4.0,Cartão
263,1671,566,41.4,92.94,117.69,3.5,3.2,Cartão
264,1607,732,18.53,35.94,48.62,3.6,4.9,Cartão
265,1471,608,16.78,31.8,35.67,4.1,4.3,Dinheiro
266,1232,645,48.9,95.29,168.11,4.4,4.5,Pix
267,1691,610,10.84,23.65,27.59,4.2,3.2,Dinheiro
268,1112,727,34.97,72.53,147.9,3.3,3.1,Pix
269,1829,610,41.25,111.72,187.43,3.3,3.0,Dinheiro
270,1496,969,3.02,3.32,10.98,4.8,3.4,Cartão
271,1441,533,33.85,90.27,167.39,4.1,3.8,Dinheiro
272,1563,610,47.63,128.02,159.63,4.7,4.9,Dinheiro
273,1267,763,7.09,11.13,25.1,3.7,3.9,Cartão
274,1509,923,44.91,86.48,223.1,4.2,3.6,Cartão
275,1806,868,30.14,56.58,81.22,4.0,4.1,Dinheiro
276,1385,735,31.21,44.85,150.67,3.6,3.2,Cartão
277,1386,582,31.03,55.66,66.05,3.9,4.2,Dinheiro
278,1112,541,15.64,17.03,52.22,4.0,4.1,Cartão
279,1612,924,46.82,72.84,103.47,3.4,4.6,Cartão
280,1624,600,47.42,124.87,198.58,3.6,5.0,Cartão
281,1951,505,31.64,49.65,121.03,4.6,3.5,Cartão
282,1080,679,39.39,103.85,162.28,4.8,4.0,Cartão
283,1698,781,31.0,63.96,96.83,3.7,4.8,Dinheiro
284,1112,819,24.74,68.28,76.9,3.6,4.6,Dinheiro
285,1001,725,33.38,71.75,71.3,3.4,4.0,Dinheiro
286,1641,942,28.1,29.77,85.7,4.4,4.9,Cartão
287,1219,939,30.28,71.18,144.98,3.6,3.1,Dinheiro
288,1565,814,39.41,42.95,123.66,5.0,4.9,Cartão
289,1854,864,24.56,46.69,110.38,3.7,3.1,Cartão
290,1996,953,3.0,8.58,13.58,3.8,4.1,Cartão
291,1735,728,9.04,12.03,28.2,4.2,4.8,Cartão
292,1224,876,22.49,40.03,87.62,4.6,3.5,Cartão
293,1384,788,36.52,89.83,83.49,3.9,3.9,Cartão
294,1402,936,30.07,83.13,69.49,3.8,3.6,Dinheiro
295,1637,649,32.86,76.95,70.52,5.0,4.9,Dinheiro
296,1129,776,24.48,37.12,91.63,3.0,4.6,Cartão
297,1052,697,31.17,73.23,102.18,4.8,4.4,Cartão
298,1683,569,17.12,27.28,62.39,3.3,4.2,Cartão
299,1729,611,24.04,58.58,85.66,4.6,4.6,Cartão
300,1671,503,37.47,108.97,114.31,4.2,3.8,Dinheiro
301,1709,849,43.72,106.8,176.3,3.7,3.9,Cartão
302,1415,830,22.25,60.65,95.13,4.7,4.5,Dinheiro
303,1246,945,3.14,3.15,6.42,3.0,3.7,Dinheiro
304,1835,817,8.92,21.72,23.39,3.5,3.1,Cartão
305,1438,849,2.02,5.37,8.36,4.1,3.1,Pix
306,1202,594,33.01,35.69,104.31,3.7,3.2,Cartão
307,1183,651,17.28,47.4,68.9,4.2,4.7,Cartão
308,1122,810,27.58,41.74,83.87,3.0,3.9,Cartão
309,1400,636,25.17,58.66,79.85,3.2,4.4,Cartão
310,1766,746,4.99,12.98,12.36,3.3,3.8,Cartão
311,1293,886,20.76,48.27,57.6,3.4,3.5,Cartão
312,1279,742,11.81,13.99,45.07,3.9,3.7,Dinheiro
313,1836,530,21.5,47.14,70.94,4.5,4.6,Pix
314,1883,539,10.98,23.05,47.47,4.8,4.3,Dinheiro
315,1609,728,42.18,118.13,192.25,4.7,4.9,Cartão
316,1197,535,9.54,17.25,34.58,3.4,4.4,Dinheiro
317,1981,907,48.08,78.96,205.53,3.9,4.1,Dinheiro
318,1906,722,21.38,53.44,62.44,3.4,4.2,Dinheiro
319,1510,505,42.47,77.52,137.81,3.5,4.9,Dinheiro
320,1751,821,31.81,72.91,131.64,4.0,4.6,Dinheiro
321,1143,967,37.03,84.91,116.96,3.1,3.0,Cartão
322,1608,719,38.62,107.21,145.42,3.4,4.1,Dinheiro
323,1200,574,25.74,56.56,65.79,4.9,4.4,Cartão
324,1123,503,27.62,55.36,104.94,3.9,4.5,Pix
325,1186,834,26.19,33.46,120.07,3.9,3.4,Cartão
326,1325,633,29.81,36.71,137.3,3.0,4.7,Cartão
327,1463,617,2.44,3.19,10.18,3.5,4.9,Cartão
328,1348,868,20.38,27.38,86.36,4.7,3.5,Dinheiro
329,1770,593,30.7,69.87,112.79,3.3,4.8,Cartão
330,1659,985,30.29,75.18,113.71,3.8,3.2,Cartão
331,1763,934,39.85,82.09,95.68,3.0,3.1,Pix
332,1954,561,33.1,87.98,110.28,4.0,3.3,Pix
333,1931,940,49.61,147.96,166.31,3.0,3.1,Cartão
334,1402,693,14.91,39.36,72.69,4.6,4.7,Cartão
335,1345,834,18.6,44.45,61.25,4.6,3.1,Dinheiro
336,1962,702,19.81,40.91,72.27,4.6,3.5,Pix
337,1510,891,23.82,45.2,85.75,3.6,3.2,Cartão
338,1146,525,41.96,49.04,164.08,4.7,3.6,Dinheiro
339,1147,934,12.55,22.57,53.27,4.1,3.2,Cartão
340,1863,672,39.02,110.05,104.38,3.7,4.3,Dinheiro
341,1710,799,20.86,54.57,74.81,4.3,3.3,Dinheiro
342,1819,632,30.49,43.66,136.53,3.0,4.7,Cartão
343,1488,825,31.99,61.84,108.43,3.3,4.6,Cartão
344,1928,909,19.27,50.75,54.64,4.5,3.0,Pix
345,1935,617,26.12,29.64,103.54,3.5,4.8,Dinheiro
346,1639,823,21.24,37.7,94.97,4.2,3.1,Cartão
347,1550,774,4.39,11.87,9.61,3.8,3.5,Dinheiro
348,1337,711,22.42,40.53,97.09,4.7,3.1,Dinheiro
349,1871,724,5.77,6.67,25.76,4.9,3.7,Cartão
350,1640,519,20.85,43.47,70.57,4.8,4.0,Dinheiro
351,1778,612,30.05,81.84,148.75,3.5,4.6,Cartão
352,1987,639,29.39,64.09,128.14,3.4,3.7,Pix
353,1952,546,33.47,48.62,144.62,3.9,4.4,Cartão
354,1472,500,5.67,10.03,24.06,3.0,3.4,Cartão
355,1945,589,32.95,62.61,80.79,3.1,4.5,Cartão
356,1150,641,16.3,35.18,43.22,4.1,3.5,Dinheiro
357,1414,819,20.55,51.76,69.7,4.0,3.3,Dinheiro
358,1989,537,43.04,51.55,120.17,5.0,3.4,Dinheiro
359,1297,792,1.44,4.0,4.67,3.4,3.4,Dinheiro
360,1610,881,29.83,30.56,139.17,3.5,4.0,Cartão
361,1262,638,30.34,52.79,135.71,3.2,4.7,Pix
362,1763,855,20.44,21.56,79.51,4.8,3.2,Cartão
363,1143,832,12.61,22.52,57.68,4.6,4.4,Dinheiro
364,1345,990,12.5,25.65,54.39,4.6,4.3,Cartão
365,1623,758,44.3,89.63,145.61,4.8,4.7,Dinheiro
366,1571,660,22.66,30.17,58.99,4.0,3.5,Dinheiro
367,1880,889,17.21,39.44,60.97,3.9,3.9,Dinheiro
368,1001,677,22.99,25.05,96.76,3.7,4.9,Cartão
369,1896,509,33.8,85.3,111.85,4.2,4.3,Cartão
370,1303,760,8.14,23.55,32.56,3.9,3.8,Cartão
371,1253,906,23.02,38.66,52.55,3.9,3.3,Dinheiro
372,1651,637,29.81,60.65,126.51,4.9,3.5,Cartão
373,1452,671,47.48,83.46,210.72,5.0,4.2,Pix
374,1036,885,13.37,13.55,55.09,4.6,4.4,Cartão
375,1159,512,18.6,32.95,91.17,4.5,3.2,Cartão
376,1008,667,19.59,50.61,87.76,4.4,4.2,Dinheiro
377,1232,629,30.67,67.23,144.43,3.3,4.1,Cartão
378,1098,583,18.48,22.22,88.72,3.1,4.0,Pix
379,1658,820,27.14,73.12,119.53,4.4,4.4,Dinheiro
380,1815,818,39.31,81.06,158.14,4.5,4.7,Cartão
381,1207,600,35.56,95.42,71.73,3.1,3.6,Cartão
382,1130,828,22.87,49.41,77.7,4.9,4.8,Cartão
383,1403,772,43.35,91.87,160.98,3.2,3.3,Cartão
384,1151,764,28.35,34.32,82.56,3.6,3.3,Dinheiro
385,1053,958,27.46,36.65,81.13,4.3,3.5,Cartão
386,1119,898,2.68,7.89,13.09,3.3,3.2,Cartão
387,1672,907,49.35,71.9,230.72,3.1,3.5,Cartão
388,1919,537,7.03,20.77,31.97,3.7,3.2,Cartão
389,1627,918,12.33,25.45,39.68,4.5,4.6,Cartão
390,1586,593,3.53,4.49,7.21,3.8,3.3,Dinheiro
391,1624,594,32.36,38.79,72.51,4.3,4.5,Dinheiro
392,1967,804,12.01,17.03,35.27,4.2,3.1,Dinheiro
393,1419,568,9.82,28.0,20.1,3.0,4.9,Dinheiro
394,1421,817,5.34,9.76,10.95,5.0,4.4,Cartão
395,1103,943,6.06,10.85,28.78,3.1,3.0,Dinheiro
396,1851,735,29.65,48.22,122.11,4.9,4.5,Cartão
397,1253,933,34.72,44.93,101.62,4.1,4.0,Cartão
398,1226,833,20.47,40.44,49.09,4.9,4.6,Cartão
399,1111,872,24.51,30.88,86.64,3.2,4.0,Cartão
400,1509,875,34.61,92.44,69.78,4.0,4.3,Dinheiro
401,1472,958,1.85,3.22,8.91,3.3,4.6,Cartão
402,1098,636,16.83,29.45,54.6,3.1,3.8,Dinheiro
403,1152,917,48.68,94.83,156.12,4.2,3.0,Cartão
404,1860,575,29.43,55.57,93.35,3.4,4.7,Cartão
405,1913,982,13.46,40.24,29.72,4.2,3.8,Dinheiro
406,1895,534,26.56,55.53,103.98,3.2,4.0,Cartão
407,1877,500,17.79,20.93,74.7,3.7,3.0,Cartão
408,1337,795,27.08,59.95,109.09,4.6,4.0,Cartão
409,1705,819,7.16,9.33,17.29,3.9,5.0,Dinheiro
410,1821,905,7.5,7.96,28.02,4.3,3.6,Dinheiro
411,1162,559,8.03,23.62,29.78,4.3,3.8,Cartão
412,1719,819,47.05,119.84,216.68,4.7,4.4,Pix
413,1956,848,36.91,109.26,115.8,3.6,4.6,Dinheiro
414,1680,827,8.96,17.52,27.91,4.4,3.8,Dinheiro
415,1995,766,10.23,21.12,39.44,4.9,3.6,Dinheiro
416,1160,860,36.81,49.2,143.53,4.5,4.9,Cartão
417,1579,728,8.65,12.92,29.48,4.0,4.4,Dinheiro
418,1800,769,12.49,33.44,41.58,4.3,3.2,Cartão
419,1397,815,48.2,82.54,167.85,4.5,3.1,Cartão
420,1276,785,13.51,35.85,61.92,4.2,4.0,Pix
421,1815,790,33.42,80.81,113.08,3.0,3.4,Dinheiro
422,1915,712,48.95,66.3,235.93,3.4,3.5,Cartão
423,1503,664,19.34,38.97,67.92,4.6,4.8,Cartão
424,1895,504,1.86,4.38,9.02,3.5,3.2,Dinheiro
425,1391,838,12.96,19.05,58.3,4.5,4.4,Cartão
426,1134,878,41.71,111.01,128.77,3.7,3.5,Cartão
427,1194,577,43.37,90.63,199.11,4.0,4.5,Cartão
428,1400,909,38.66,51.44,90.09,3.1,4.4,Cartão
429,1639,561,6.54,14.17,31.23,3.4,3.0,Dinheiro
430,1032,631,39.98,119.92,155.72,4.9,4.0,Cartão
431,1687,588,46.02,59.87,99.55,4.8,3.3,Dinheiro
432,1459,736,30.43,80.14,119.67,4.3,4.7,Cartão
433,1954,541,47.1,66.63,231.86,3.9,4.7,Dinheiro
434,1882,588,41.52,106.49,91.73,4.4,3.8,Pix
435,1469,901,33.68,83.16,123.41,4.2,3.9,Dinheiro
436,1374,795,29.28,46.88,124.25,4.1,3.6,Dinheiro
437,1021,827,18.08,29.86,80.11,3.1,4.4,Pix
438,1749,794,8.81,22.77,28.56,4.3,3.7,Cartão
439,1669,603,30.64,58.92,80.05,4.5,3.5,Dinheiro
440,1037,513,16.59,40.84,35.29,5.0,3.9,Dinheiro
441,1229,787,43.46,56.32,162.5,3.0,3.2,Cartão
442,1364,678,49.67,134.36,166.83,4.5,4.5,Cartão
443,1562,624,37.87,91.71,183.53,4.1,3.0,Pix
444,1437,921,5.43,15.28,11.85,3.9,4.3,Dinheiro
445,1775,852,15.15,19.16,61.45,3.3,3.4,Cartão
446,1282,522,6.35,13.88,13.18,3.8,3.5,Cartão
447,1026,562,32.88,72.28,82.67,3.7,4.3,Dinheiro
448,1225,642,38.49,65.7,129.35,3.6,5.0,Cartão
449,1276,980,46.36,88.87,155.98,4.5,4.6,Dinheiro
450,1797,652,22.47,24.18,91.16,4.4,3.5,Dinheiro
451,1608,644,45.17,112.55,213.68,4.2,3.4,Dinheiro
452,1283,724,44.02,92.38,172.43,4.9,4.7,Cartão
453,1878,994,16.54,18.45,80.39,3.7,3.9,Dinheiro
454,1959,949,43.58,102.91,202.42,3.5,3.3,Dinheiro
455,1480,961,19.41,37.53,72.86,4.3,4.7,Dinheiro
456,1452,808,15.55,16.62,70.0,3.4,4.6,Cartão
457,1828,603,32.8,96.41,128.83,3.6,5.0,Cartão
458,1815,603,17.09,49.53,38.21,3.4,4.8,Pix
459,1658,934,31.88,64.58,134.59,3.1,4.7,Cartão
460,1515,538,30.88,36.67,70.55,4.7,3.1,Cartão
461,1546,934,28.61,71.79,108.21,3.5,3.2,Cartão
462,1191,697,19.64,38.96,80.68,3.9,4.1,Dinheiro
463,1048,633,27.88,44.74,61.32,3.1,4.1,Cartão
464,1511,566,30.23,59.94,81.39,4.4,3.9,Cartão
465,1016,890,27.74,56.73,131.68,3.7,3.8,Cartão
466,1171,678,22.78,48.42,87.68,4.5,3.9,Dinheiro
467,1219,955,1.72,3.24,4.71,3.8,4.1,Cartão
468,1157,541,29.77,65.84,121.22,3.4,3.0,Cartão
469,1476,947,9.25,26.25,35.06,4.0,3.5,Cartão
470,1045,999,32.49,56.03,113.87,3.3,4.0,Dinheiro
471,1372,514,38.21,93.67,188.32,3.9,4.4,Cartão
472,1517,610,25.52,71.17,103.37,3.6,3.3,Cartão
473,1098,656,27.58,52.73,86.22,4.8,4.1,Cartão
474,1891,788,47.62,89.85,209.54,3.1,4.4,Pix
475,1744,999,42.51,93.7,197.83,4.4,3.9,Dinheiro
476,1036,977,45.8,99.97,108.81,3.4,3.1,Pix
477,1279,730,40.87,106.8,106.33,3.6,3.9,Dinheiro
478,1348,910,6.34,12.38,16.79,3.8,3.6,Cartão
479,1496,919,8.3,24.84,33.81,4.8,4.9,Dinheiro
480,1301,656,26.8,29.99,102.08,3.5,3.2,Cartão
481,1180,537,13.06,13.14,50.37,3.2,4.3,Cartão
482,1606,940,24.36,55.55,117.47,3.6,3.1,Cartão
483,1098,596,20.32,32.45,87.94,3.2,3.9,Cartão
484,1699,984,27.92,41.34,66.56,3.3,4.1,Pix
485,1992,910,37.6,61.05,114.4,4.1,3.6,Cartão
486,1115,938,36.06,54.53,119.22,3.1,3.9,Dinheiro
487,1190,788,26.54,28.17,84.61,3.1,3.3,Cartão
488,1252,753,41.3,121.55,165.53,4.4,3.6,Cartão
489,1980,695,22.11,31.87,103.38,3.7,4.2,Dinheiro
490,1927,585,44.94,110.91,131.14,3.3,3.6,Dinheiro
491,1982,821,4.49,11.34,16.41,3.5,4.8,Dinheiro
492,1160,509,47.78,136.58,208.71,4.3,4.3,Cartão
493,1255,504,33.08,35.1,107.47,3.6,3.9,Cartão
494,1322,622,19.62,53.84,49.14,4.0,3.1,Dinheiro
495,1127,829,10.66,21.9,36.51,3.2,4.0,Dinheiro
496,1017,852,24.48,55.45,53.02,4.2,4.5,Cartão
497,1792,617,10.53,24.1,50.83,3.6,3.5,Pix
498,1734,793,9.15,24.15,20.35,4.3,4.6,Dinheiro
499,1565,896,31.25,52.09,103.61,4.6,3.5,Pix
500,1569,658,26.63,65.67,95.59,4.2,4.6,Dinheiro
501,1322,802,33.83,69.59,167.66,3.6,3.2,Dinheiro
502,1871,727,46.55,120.41,116.28,3.5,4.7,Cartão
503,1685,864,27.08,80.73,63.46,3.7,4.0,Cartão
504,1791,715,29.47,41.3,59.71,3.3,3.6,Dinheiro
505,1625,935,5.39,16.11,13.3,3.4,3.5,Cartão
506,1287,683,36.16,42.66,94.8,4.6,3.9,Cartão
507,1942,514,20.6,20.7,80.17,3.8,5.0,Cartão
508,1853,656,48.86,53.18,129.92,3.9,3.4,Cartão
509,1662,635,41.34,69.6,85.22,4.2,3.2,Pix
510,1961,760,26.6,60.27,119.16,4.2,4.2,Dinheiro
511,1638,656,7.04,8.01,21.8,3.1,4.0,Cartão
512,1154,546,43.11,43.6,131.96,4.7,4.0,Cartão
513,1489,823,40.19,115.51,116.85,3.4,4.3,Dinheiro
514,1385,831,10.04,26.54,49.46,4.4,3.5,Dinheiro
515,1985,672,15.47,40.51,38.84,4.5,4.8,Pix
516,1784,629,39.88,110.42,187.23,4.4,3.9,Cartão
517,1103,910,10.08,24.19,43.65,4.2,3.3,Cartão
518,1928,594,45.97,55.57,102.49,3.0,4.5,Cartão
519,1392,614,21.8,39.2,108.13,3.7,4.3,Pix
520,1810,742,5.26,12.87,14.8,4.2,3.6,Dinheiro
521,1245,919,40.97,63.94,94.06,3.8,4.2,Dinheiro
522,1175,791,19.3,45.83,86.62,4.7,3.4,Cartão
523,1038,781,26.8,28.11,110.42,3.6,3.9,Dinheiro
524,1476,798,6.5,10.48,25.04,3.6,4.8,Dinheiro
525,1681,782,1.13,2.37,2.79,3.5,3.3,Cartão
526,1758,568,32.26,73.04,110.83,3.7,3.8,Cartão
527,1537,647,26.24,56.52,113.93,4.1,4.6,Cartão
528,1866,510,30.08,72.06,87.56,4.4,4.9,Cartão
529,1817,753,39.89,40.38,117.08,4.3,3.9,Cartão
530,1920,829,32.68,39.28,65.67,4.6,4.0,Cartão
531,1407,859,9.56,26.17,24.12,4.8,4.1,Cartão
532,1524,537,18.68,44.15,86.42,4.6,4.9,Cartão
533,1827,633,45.39,55.64,150.93,3.0,4.7,Cartão
534,1505,699,38.73,103.96,191.82,4.5,3.3,Dinheiro
535,1902,522,28.28,41.98,90.13,3.4,3.9,Cartão
536,1824,802,13.53,26.47,56.09,3.3,3.9,Dinheiro
537,1035,845,15.8,20.39,44.96,4.3,4.6,Cartão
538,1684,801,36.87,89.23,113.98,3.6,4.2,Dinheiro
539,1019,862,42.71,99.67,109.86,3.1,4.3,Cartão
540,1320,895,33.9,48.21,103.1,3.3,5.0,Dinheiro
541,1775,717,40.67,110.9,148.11,3.0,3.1,Cartão
542,1511,640,38.57,69.53,191.9,4.8,3.4,Dinheiro
543,1399,603,8.34,13.22,33.3,3.0,3.8,Cartão
544,1653,945,21.77,28.4,56.55,3.4,3.7,Dinheiro
545,1971,709,8.5,13.02,18.15,3.8,3.0,Cartão
546,1882,972,12.53,13.08,29.81,3.7,3.2,Cartão
547,1470,980,43.59,94.44,160.75,4.8,4.4,Cartão
548,1142,610,24.17,64.88,103.82,3.1,4.8,Dinheiro
549,1091,603,27.23,57.13,131.28,4.0,4.0,Pix
550,1353,815,9.74,14.01,19.94,4.4,4.1,Dinheiro
551,1833,670,16.3,17.4,58.16,4.9,3.5,Cartão
552,1799,959,12.28,17.55,41.91,4.2,4.5,Cartão
553,1726,991,11.1,20.34,44.05,4.6,4.5,Pix
554,1958,855,32.26,81.27,118.68,3.2,4.2,Cartão
555,1853,995,13.59,18.7,55.19,3.8,3.4,Dinheiro
556,1050,823,31.97,77.99,127.06,3.7,3.2,Pix
557,1664,632,3.86,10.55,9.07,4.8,3.1,Dinheiro
558,1697,875,7.95,15.17,34.97,3.3,4.2,Cartão
559,1574,792,14.45,38.19,34.24,3.3,4.7,Cartão
560,1189,827,30.26,63.83,123.93,3.7,4.7,Cartão
561,1124,626,34.12,77.6,110.84,3.1,3.9,Dinheiro
562,1149,605,22.69,46.57,80.36,3.4,4.6,Cartão
563,1313,996,22.84,44.0,107.57,4.9,4.9,Cartão
564,1569,591,36.5,53.63,170.44,3.9,3.6,Cartão
565,1341,786,1.78,2.86,7.93,4.3,3.8,Cartão
566,1304,877,17.71,27.98,62.52,4.5,4.9,Dinheiro
567,1691,892,41.12,87.44,173.06,3.7,3.7,Dinheiro
568,1681,550,30.56,37.89,108.14,3.3,4.8,Cartão
569,1837,528,17.52,49.64,80.75,3.4,5.0,Cartão
570,1782,961,45.37,110.76,145.56,3.6,4.3,Pix
571,1053,795,38.86,70.06,190.83,4.3,4.6,Cartão
572,1443,796,13.98,18.42,67.06,3.8,4.5,Dinheiro
573,1612,713,32.62,90.16,137.81,3.0,4.4,Pix
574,1992,766,30.19,79.93,85.69,4.0,3.6,Cartão
575,1263,906,20.66,50.48,49.48,4.8,3.1,Cartão
576,1052,756,18.98,29.29,86.63,4.6,3.7,Pix
577,1571,801,17.83,32.18,44.5,4.7,4.3,Cartão
578,1619,600,31.24,37.66,142.54,4.6,3.2,Cartão
579,1004,904,22.68,31.25,78.75,3.6,3.0,Cartão
580,1102,845,41.76,107.16,134.45,4.5,3.3,Cartão
581,1195,609,33.81,82.16,159.23,3.3,4.4,Dinheiro
582,1773,919,4.43,9.69,16.89,4.3,4.9,Dinheiro
583,1876,681,32.37,90.36,120.73,4.3,5.0,Dinheiro
584,1991,970,14.29,30.96,52.53,3.1,4.0,Cartão
585,1883,812,30.05,58.11,93.56,4.6,4.7,Cartão
586,1349,500,34.33,57.7,149.57,4.8,4.5,Dinheiro
587,1046,818,12.31,35.46,33.96,3.5,4.0,Cartão
588,1866,937,23.39,27.26,112.66,4.6,4.1,Dinheiro
589,1822,554,10.33,29.56,48.36,3.2,3.3,Cartão
590,1935,870,3.56,9.45,10.72,4.2,4.9,Dinheiro
591,1819,923,19.55,24.63,81.88,4.0,3.7,Cartão
592,1655,898,18.78,40.0,69.86,4.1,3.9,Cartão
593,1268,648,49.78,136.05,149.98,4.9,4.3,Cartão
594,1369,930,22.87,49.02,113.56,4.7,3.7,Cartão
595,1635,956,17.34,48.8,35.99,4.6,3.5,Cartão
596,1105,808,29.44,84.96,81.19,3.5,4.3,Dinheiro
597,1669,636,5.35,9.87,19.05,4.8,3.0,Dinheiro
598,1658,701,48.12,84.43,171.59,3.2,4.4,Dinheiro
599,1656,935,32.11,92.24,120.95,4.7,4.0,Pix
600,1119,812,37.99,89.29,161.65,3.7,4.2,Cartão
601,1830,616,9.35,11.52,36.19,3.1,4.3,Cartão
602,1786,653,21.06,22.84,80.05,4.3,4.1,Cartão
603,1603,924,21.71,46.23,46.91,3.5,4.2,Dinheiro
604,1057,790,41.27,118.05,129.16,3.5,4.4,Cartão
605,1950,562,1.06,2.85,2.86,3.6,4.5,Dinheiro
606,1345,743,15.74,37.02,44.01,3.1,4.5,Cartão
607,1740,524,49.08,62.74,179.78,3.4,4.7,Pix
608,1473,589,24.27,36.61,63.07,3.0,3.4,Pix
609,1116,574,19.74,54.31,56.89,3.9,3.8,Cartão
610,1829,793,6.87,9.38,18.63,3.2,4.9,Cartão
611,1790,885,48.73,75.87,236.12,4.4,3.8,Dinheiro
612,1126,890,1.98,2.49,9.57,3.5,3.2,Cartão
613,1392,709,37.12,87.31,142.16,4.9,4.1,Cartão
614,1907,974,38.66,111.65,184.55,4.7,3.2,Dinheiro
615,1640,917,12.94,19.9,56.39,3.6,3.4,Cartão
616,1057,846,33.91,66.15,127.84,4.6,5.0,Dinheiro
617,1633,516,5.55,12.59,11.21,4.6,4.1,Dinheiro
618,1512,627,13.6,40.79,58.72,5.0,3.6,Cartão
619,1750,926,39.61,47.91,162.7,4.2,5.0,Cartão
620,1801,942,43.37,86.62,166.79,3.2,4.9,Cartão
621,1095,863,30.82,54.56,131.95,4.3,3.9,Dinheiro
622,1637,750,25.84,70.59,91.44,4.2,3.5,Cartão
623,1117,678,8.81,17.2,36.23,4.3,4.7,Dinheiro
624,1559,681,4.09,5.0,19.65,3.6,4.4,Cartão
625,1600,651,6.76,15.34,21.14,4.7,4.4,Cartão
626,1487,524,12.14,30.85,50.07,4.9,4.8,Cartão
627,1236,954,17.74,17.84,60.8,3.4,4.4,Cartão
628,1884,679,19.66,53.43,79.1,3.2,3.6,Cartão
629,1896,697,17.97,24.66,77.07,3.4,4.4,Cartão
630,1271,843,12.71,26.74,27.15,4.6,3.6,Cartão
631,1188,660,25.98,47.58,102.36,4.4,4.5,Cartão
632,1998,676,41.44,101.08,111.07,4.3,4.2,Cartão
633,1703,784,14.71,25.63,58.99,3.8,3.2,Dinheiro
634,1446,562,47.18,129.25,160.65,4.2,4.0,Cartão
635,1580,990,43.79,107.77,189.2,3.6,3.7,Cartão
636,1789,649,8.93,20.5,21.17,4.0,3.7,Dinheiro
637,1860,653,39.53,102.48,153.34,4.6,4.2,Cartão
638,1246,655,29.15,73.11,82.65,5.0,3.6,Dinheiro
639,1962,869,28.76,30.83,131.12,4.9,4.6,Cartão
640,1075,968,20.16,36.08,96.47,4.9,3.1,Cartão
641,1153,548,25.56,73.14,127.52,3.8,4.3,Pix
642,1655,954,20.46,25.6,89.78,3.9,4.6,Cartão
643,1434,836,27.45,67.92,116.97,4.4,4.3,Dinheiro
644,1996,583,31.77,93.7,84.08,4.8,4.0,Cartão
645,1085,860,34.04,37.59,102.39,3.3,4.9,Dinheiro
646,1696,676,27.09,64.05,92.03,3.6,3.6,Dinheiro
647,1284,647,36.35,70.38,157.04,3.3,3.0,Cartão
648,1973,617,7.92,17.09,37.58,4.2,3.9,Dinheiro
649,1219,841,11.39,13.33,29.24,3.6,3.1,Cartão
650,1068,975,41.12,44.66,196.02,3.7,4.9,Dinheiro
651,1046,562,16.8,39.21,68.66,3.1,3.4,Cartão
652,1093,688,2.12,5.61,8.12,3.7,4.6,Dinheiro
653,1749,859,8.54,21.9,22.2,4.7,4.5,Cartão
654,1957,548,11.96,24.97,25.91,3.5,3.4,Cartão
655,1452,826,47.91,57.48,177.53,4.4,4.2,Dinheiro
656,1203,756,29.08,69.1,115.0,4.3,3.1,Dinheiro
657,1911,723,46.7,69.29,122.93,4.7,4.0,Cartão
658,1217,640,29.18,82.35,107.07,3.3,3.0,Cartão
659,1473,977,24.49,65.55,111.91,5.0,4.8,Cartão
660,1431,714,16.37,39.6,73.75,4.2,5.0,Cartão
661,1340,934,30.71,88.99,146.86,5.0,3.4,Cartão
662,1550,878,7.82,8.31,24.22,4.8,3.4,Dinheiro
663,1611,939,45.01,111.28,132.97,3.4,4.5,Cartão
664,1288,710,41.64,69.14,176.9,3.1,3.5,Dinheiro
665,1253,817,16.56,46.57,54.54,3.5,4.8,Dinheiro
666,1733,531,47.69,73.13,107.91,4.1,4.1,Cartão
667,1356,657,41.43,101.49,118.01,3.3,3.7,Cartão
668,1022,784,33.65,92.72,109.56,3.3,4.7,Cartão
669,1761,804,6.97,7.55,20.06,3.9,4.0,Cartão
670,1521,928,24.43,43.86,73.21,3.1,4.8,Dinheiro
671,1757,976,25.8,65.14,74.34,3.2,4.9,Cartão
672,1836,785,12.4,23.68,26.34,3.8,3.3,Dinheiro
673,1099,643,4.92,7.55,19.24,3.1,3.0,Cartão
674,1801,923,39.06,56.23,148.11,3.8,5.0,Cartão
675,1179,518,6.98,8.82,27.64,3.9,4.8,Cartão
676,1222,517,30.12,81.75,77.62,3.9,3.1,Cartão
677,1905,756,46.89,100.85,135.37,4.7,4.7,Cartão
678,1761,577,43.93,50.64,169.52,4.1,3.9,Cartão
679,1658,870,14.61,25.79,55.5,3.9,3.5,Dinheiro
680,1441,674,42.72,74.14,150.33,3.8,4.8,Dinheiro
681,1607,997,1.02,1.39,3.11,4.6,3.4,Cartão
682,1768,693,1.87,3.5,8.86,4.8,4.9,Cartão
683,1324,975,30.53,50.81,92.18,4.7,3.4,Cartão
684,1515,612,18.88,31.79,63.57,4.3,4.2,Cartão
685,1015,613,19.94,49.41,80.44,3.3,3.4,Cartão
686,1791,721,28.66,41.46,104.01,3.6,4.1,Cartão
687,1335,665,10.4,23.75,31.62,3.1,4.4,Cartão
688,1758,934,11.38,24.37,37.63,4.9,3.4,Cartão
689,1257,818,24.75,52.87,108.49,4.3,4.0,Cartão
690,1496,631,37.96,88.3,107.59,4.5,3.9,Cartão
691,1987,884,31.36,65.75,76.1,3.6,3.1,Dinheiro
692,1895,763,15.57,42.95,45.77,4.7,4.6,Cartão
693,1159,912,22.09,51.94,100.48,3.5,3.7,Cartão
694,1474,554,9.36,19.6,21.22,3.0,4.1,Cartão
695,1851,858,4.66,12.39,23.18,3.8,4.0,Dinheiro
696,1663,630,39.35,87.05,142.57,4.1,4.0,Dinheiro
697,1907,787,14.0,22.15,69.36,4.0,3.2,Dinheiro
698,1689,765,9.71,13.73,46.77,4.7,3.8,Cartão
699,1674,957,34.89,45.52,117.18,3.2,3.9,Cartão
700,1379,966,31.28,87.55,81.19,4.1,4.5,Dinheiro
701,1544,865,32.03,77.52,79.9,4.0,4.7,Cartão
702,1928,661,12.22,35.13,33.24,3.6,4.1,Cartão
703,1956,879,12.4,27.36,51.22,4.6,3.2,Dinheiro
704,1690,980,11.82,23.01,33.32,4.5,3.5,Cartão
705,1426,586,9.51,10.65,28.76,4.5,3.3,Cartão
706,1612,554,33.13,77.63,110.86,4.8,3.2,Cartão
707,1267,975,42.55,92.1,201.67,4.4,3.7,Cartão
708,1834,787,36.49,108.76,93.71,3.5,3.5,Cartão
709,1576,677,39.81,58.85,80.22,4.4,3.4,Dinheiro
710,1416,890,20.84,42.96,45.44,3.6,3.1,Dinheiro
711,1167,848,33.05,76.08,155.81,3.5,3.0,Cartão
712,1841,507,18.36,42.03,72.39,3.1,3.2,Dinheiro
713,1042,820,26.75,56.78,75.41,4.5,3.3,Cartão
714,1555,812,24.6,62.82,62.28,4.4,3.9,Cartão
715,1284,746,9.67,13.63,27.88,3.5,4.0,Dinheiro
716,1396,822,19.97,48.95,46.82,4.5,3.3,Dinheiro
717,1011,971,48.23,108.01,232.69,4.8,3.8,Dinheiro
718,1606,970,13.18,36.8,57.37,3.2,3.7,Dinheiro
719,1301,942,7.56,20.37,25.61,3.5,3.4,Dinheiro
720,1897,754,21.51,35.07,98.84,4.5,3.0,Dinheiro
721,1252,827,39.73,61.68,109.19,3.5,3.9,Cartão
722,1498,553,29.53,87.51,122.59,4.2,4.4,Dinheiro
723,1753,748,34.37,70.61,157.02,3.2,3.5,Pix
724,1034,738,10.3,28.97,31.62,3.9,3.3,Dinheiro
725,1726,728,31.33,41.6,133.85,4.5,4.8,Cartão
726,1848,566,16.85,38.51,48.62,4.4,3.6,Cartão
727,1089,550,41.88,109.71,121.31,4.6,3.4,Cartão
728,1775,596,31.84,92.17,73.91,4.8,4.7,Cartão
729,1604,591,10.74,17.99,35.66,4.5,4.6,Pix
730,1921,994,4.17,10.22,17.47,4.3,3.9,Cartão
731,1969,763,3.09,6.42,14.9,3.1,4.0,Cartão
732,1601,917,19.2,21.53,73.18,4.1,3.4,Pix
733,1417,790,14.03,33.39,64.39,3.1,3.2,Cartão
734,1114,595,32.66,77.74,145.91,4.6,4.1,Cartão
735,1616,587,25.47,72.88,64.19,3.6,3.2,Cartão
736,1902,577,14.03,27.98,48.51,4.1,3.9,Dinheiro
737,1195,787,8.31,12.14,19.53,3.6,4.9,Cartão
738,1825,619,7.23,7.87,29.26,4.6,4.9,Pix
739,1500,801,43.37,79.42,210.33,4.8,3.5,Cartão
740,1625,990,12.93,20.74,31.18,3.8,4.2,Cartão
741,1492,899,32.93,83.06,138.36,4.7,3.9,Cartão
742,1074,951,40.72,69.57,158.67,3.5,4.8,Dinheiro
743,1412,999,31.09,90.1,116.61,4.1,3.5,Cartão
744,1375,664,43.12,126.11,136.71,4.7,3.0,Cartão
745,1419,681,20.23,45.35,62.01,3.7,3.3,Cartão
746,1728,968,47.85,136.72,102.2,4.9,3.7,Dinheiro
747,1276,897,7.52,18.96,19.96,3.2,3.6,Cartão
748,1760,722,6.01,12.58,12.29,3.0,4.6,Dinheiro
749,1675,810,33.28,45.28,124.61,4.8,4.4,Dinheiro
750,1393,931,47.2,90.49,109.39,3.1,3.6,Cartão
751,1868,965,40.64,86.23,187.72,5.0,3.9,Cartão
752,1456,506,4.74,12.93,16.92,4.9,3.2,Cartão
753,1919,829,14.69,28.83,60.22,3.3,4.8,Cartão
754,1191,762,46.59,130.24,150.61,4.1,4.9,Cartão
755,1738,660,13.4,31.47,49.34,3.4,5.0,Cartão
756,1688,650,39.28,50.04,189.64,3.9,4.7,Cartão
757,1098,584,41.43,123.87,93.14,3.1,3.3,Cartão
758,1547,646,25.28,51.94,69.82,3.4,3.1,Cartão
759,1977,611,19.93,35.55,86.5,3.7,4.2,Cartão
760,1998,880,23.06,53.46,52.95,3.9,4.8,Dinheiro
761,1095,902,12.12,14.76,26.99,5.0,3.4,Pix
762,1663,535,44.58,101.33,137.51,4.6,3.0,Dinheiro
763,1662,784,23.08,46.08,52.54,4.5,4.6,Cartão
764,1189,687,44.24,80.22,166.13,4.1,3.2,Cartão
765,1735,581,6.18,17.96,16.56,4.7,3.8,Cartão
766,1036,501,49.43,101.09,231.68,3.7,4.4,Cartão
767,1779,884,22.72,32.68,98.84,4.4,3.5,Cartão
768,1368,802,3.34,6.41,13.69,5.0,3.2,Dinheiro
769,1694,696,2.86,8.12,11.01,3.6,4.5,Cartão
770,1524,903,37.56,50.79,172.42,4.3,4.3,Cartão
771,1278,510,33.29,47.54,88.86,4.7,5.0,Pix
772,1216,733,40.3,41.35,186.16,4.8,3.7,Cartão
773,1866,885,6.16,6.33,26.91,4.4,3.1,Cartão
774,1872,694,2.74,7.29,11.63,3.6,4.5,Cartão
775,1797,970,25.92,63.87,95.48,3.7,4.0,Cartão
776,1272,618,19.99,34.18,54.75,3.0,3.4,Dinheiro
777,1880,895,23.64,56.66,77.32,4.5,4.6,Cartão
778,1061,519,49.59,88.79,217.24,3.1,3.4,Cartão
779,1595,760,48.57,141.13,101.77,4.7,3.5,Dinheiro
780,1879,792,47.17,138.4,205.01,3.2,3.2,Dinheiro
781,1728,921,39.41,70.37,107.2,3.3,3.8,Pix
782,1341,755,18.39,49.81,44.74,4.0,3.8,Dinheiro
783,1396,721,21.19,53.95,49.74,4.5,4.0,Cartão
784,1698,892,27.93,45.25,58.14,3.3,4.4,Cartão
785,1018,725,41.7,61.05,148.9,3.9,4.8,Cartão
786,1176,552,4.37,8.37,11.6,4.0,3.3,Cartão
787,1611,927,21.79,55.84,108.26,3.4,3.1,Dinheiro
788,1395,854,5.05,14.75,18.8,3.2,3.0,Dinheiro
789,1444,999,26.22,66.26,63.29,4.7,3.3,Cartão
790,1232,841,45.05,122.1,183.19,4.0,4.3,Cartão
791,1914,863,39.34,86.79,184.63,3.0,4.5,Cartão
792,1075,779,12.16,32.48,51.5,4.6,4.6,Pix
793,1264,580,48.82,125.41,108.84,5.0,3.5,Cartão
794,1454,701,33.7,59.11,157.97,4.2,3.6,Dinheiro
795,1795,657,1.51,3.18,6.62,4.0,4.0,Dinheiro
796,1717,619,13.52,35.28,33.46,4.8,3.1,Pix
797,1734,558,13.77,15.04,29.68,4.9,4.2,Dinheiro
798,1383,993,4.39,11.48,16.12,4.5,5.0,Dinheiro
799,1563,714,48.03,65.12,118.54,3.9,3.7,Cartão
800,1850,627,24.43,49.58,110.03,4.2,4.5,Cartão
801,1505,723,44.89,117.46,138.04,4.4,4.0,Cartão
802,1366,708,16.79,25.31,79.56,3.4,3.3,Cartão
803,1143,869,7.14,10.65,26.4,3.9,4.2,Pix
804,1884,614,24.24,43.77,61.76,4.7,3.6,Cartão
805,1068,708,6.58,18.35,15.92,4.3,3.1,Dinheiro
806,1098,513,24.81,24.83,92.53,3.8,4.3,Cartão
807,1395,508,46.09,129.18,197.53,4.3,4.7,Cartão
808,1024,539,26.52,34.68,115.22,3.2,3.7,Pix
809,1947,949,31.21,93.01,88.24,3.8,3.8,Cartão
810,1890,736,8.68,25.26,22.68,4.6,4.8,Cartão
811,1468,780,3.14,6.25,6.44,3.4,4.6,Cartão
812,1483,858,6.43,13.02,25.96,3.4,4.4,Dinheiro
813,1564,700,30.33,59.54,67.63,4.9,3.5,Cartão
814,1150,745,5.66,12.85,18.46,3.4,4.8,Cartão
815,1143,777,19.42,22.94,73.89,3.5,3.3,Cartão
816,1568,734,27.95,29.77,134.48,4.9,4.3,Dinheiro
817,1038,993,20.04,22.35,58.83,4.5,3.1,Dinheiro
818,1108,503,9.02,17.04,24.8,4.4,4.3,Cartão
819,1692,653,14.42,22.37,57.14,4.7,3.6,Cartão
820,1041,941,46.49,104.33,179.35,3.2,3.9,Dinheiro
821,1185,528,34.12,101.84,102.23,4.4,3.7,Cartão
822,1934,608,25.31,44.87,121.09,4.0,3.3,Cartão
823,1397,597,1.62,3.48,7.35,4.7,4.2,Cartão
824,1222,714,49.63,90.88,132.61,4.0,4.8,Dinheiro
825,1633,792,33.9,91.35,92.12,4.2,4.9,Cartão
826,1132,574,16.53,46.36,58.46,4.0,3.4,Cartão
827,1162,825,44.08,121.43,190.46,4.0,4.4,Dinheiro
828,1214,645,13.66,40.28,29.12,4.5,4.3,Dinheiro
829,1732,627,27.66,29.18,112.85,4.3,3.7,Cartão
830,1234,840,32.17,86.2,126.9,4.3,3.0,Cartão
831,1842,541,11.83,29.62,31.88,3.9,4.4,Dinheiro
832,1657,855,48.94,71.32,197.92,4.1,4.9,Pix
833,1750,540,37.66,109.69,181.54,4.5,4.3,Dinheiro
834,1587,921,28.33,36.73,60.64,4.7,3.9,Cartão
835,1008,533,9.85,23.24,29.15,4.4,4.1,Cartão
836,1073,516,3.64,5.28,12.06,4.8,3.4,Dinheiro
837,1953,664,16.68,31.07,78.36,4.6,4.5,Dinheiro
838,1491,652,37.91,92.44,185.26,4.1,4.5,Cartão
839,1912,985,14.2,30.2,47.32,4.3,3.3,Cartão
840,1252,877,27.44,50.9,116.62,4.9,4.8,Dinheiro
841,1229,575,36.67,60.6,131.83,4.2,3.5,Cartão
842,1518,586,6.29,16.85,22.73,4.6,5.0,Cartão
843,1173,616,34.58,44.53,98.01,4.4,3.8,Cartão
844,1652,861,5.5,10.23,14.58,4.1,3.4,Cartão
845,1167,841,48.29,135.57,138.3,3.5,3.7,Cartão
846,1169,968,24.93,67.1,91.47,3.9,3.9,Dinheiro
847,1392,526,8.38,15.1,17.49,4.9,3.1,Cartão
848,1945,812,17.78,44.92,83.95,4.3,4.2,Cartão
849,1794,786,21.26,56.26,52.49,4.1,4.2,Cartão
850,1633,633,38.15,105.97,101.49,4.9,4.5,Cartão
851,1193,718,37.43,78.19,133.06,4.2,3.1,Cartão
852,1516,667,30.99,43.66,128.0,4.1,4.1,Cartão
853,1028,597,6.19,9.35,14.16,4.5,3.1,Dinheiro
854,1164,767,8.43,13.42,24.89,4.4,4.4,Cartão
855,1421,736,5.59,12.23,27.42,3.4,3.1,Cartão
856,1338,808,29.28,31.2,81.6,3.9,4.8,Cartão
857,1647,954,43.98,99.93,129.26,3.9,4.4,Cartão
858,1495,893,22.26,38.48,100.38,3.8,4.0,Dinheiro
859,1364,672,8.88,14.12,19.1,4.0,3.9,Cartão
860,1832,900,28.34,78.19,96.18,3.8,3.3,Pix
861,1341,909,40.78,78.3,128.0,3.4,3.6,Cartão
862,1499,968,37.34,44.44,110.14,3.8,4.7,Dinheiro
863,1656,975,44.19,117.26,126.26,3.1,4.8,Cartão
864,1510,689,14.62,16.01,33.25,4.2,3.0,Dinheiro
865,1326,621,10.5,25.76,30.92,4.7,4.2,Cartão
866,1216,545,44.11,112.38,93.92,4.5,4.4,Cartão
867,1300,563,33.22,56.65,144.27,3.7,4.2,Dinheiro
868,1131,629,16.24,43.03,51.88,3.2,3.2,Dinheiro
869,1803,809,37.38,75.93,124.54,3.4,3.4,Cartão
870,1069,862,40.94,78.87,191.63,4.1,3.5,Cartão
871,1251,692,31.13,33.96,123.72,3.4,4.7,Cartão
872,1414,806,34.71,54.84,70.26,4.1,3.9,Dinheiro
873,1786,680,19.39,55.49,93.64,3.5,4.0,Cartão
874,1444,791,27.4,48.87,74.29,4.7,4.9,Cartão
875,1875,870,26.68,55.85,61.97,3.8,4.3,Dinheiro
876,1181,781,42.55,87.83,183.15,3.5,4.8,Dinheiro
877,1166,528,42.16,91.95,147.62,4.6,3.9,Dinheiro
878,1090,648,41.8,46.93,137.99,3.7,3.3,Dinheiro
879,1713,766,1.54,2.66,4.23,3.2,4.9,Dinheiro
880,1857,795,37.73,92.3,137.43,4.1,3.9,Cartão
881,1530,510,38.18,53.49,107.79,4.2,3.4,Cartão
882,1038,663,34.24,48.18,161.09,4.4,3.6,Dinheiro
883,1125,612,38.06,38.83,100.69,3.5,3.1,Cartão
884,1450,686,42.26,79.24,196.64,3.9,3.9,Pix
885,1172,794,24.05,66.51,88.46,3.6,4.7,Cartão
886,1652,731,25.6,28.26,114.83,3.2,4.9,Cartão
887,1753,726,7.11,9.83,29.43,4.8,4.9,Pix
888,1219,809,19.88,32.21,81.31,4.5,3.3,Dinheiro
889,1637,597,32.52,80.11,96.68,3.6,3.8,Cartão
890,1057,554,39.24,89.52,106.01,4.2,3.1,Dinheiro
891,1659,610,11.64,21.32,30.64,3.4,4.7,Dinheiro
892,1475,651,7.75,19.52,35.43,4.8,3.7,Cartão
893,1455,745,33.49,74.32,149.41,3.2,4.3,Cartão
894,1828,905,1.09,3.04,3.62,3.0,4.4,Dinheiro
895,1894,568,9.74,25.68,23.35,4.0,3.9,Dinheiro
896,1360,811,2.42,3.64,7.62,4.2,3.6,Cartão
897,1934,788,9.18,14.16,35.42,4.2,4.9,Dinheiro
898,1000,749,9.88,12.36,33.23,3.1,4.9,Dinheiro
899,1386,535,20.0,33.48,86.81,3.6,3.6,Cartão
900,1972,738,20.71,62.11,103.4,4.0,4.0,Dinheiro
901,1347,647,43.84,79.42,112.82,3.4,4.9,Cartão
902,1189,966,26.0,37.47,87.85,4.7,3.0,Cartão
903,1504,726,36.45,92.04,120.03,3.2,3.8,Dinheiro
904,1190,743,6.1,12.72,17.77,4.0,3.2,Dinheiro
905,1507,990,12.05,15.66,31.26,4.4,4.0,Dinheiro
906,1368,836,35.44,62.42,77.86,3.5,3.0,Cartão
907,1408,945,3.59,6.57,16.73,4.2,3.8,Cartão
908,1823,864,24.84,62.29,80.97,4.7,3.4,Cartão
909,1928,990,30.37,31.63,106.01,3.4,4.1,Cartão
910,1933,981,30.51,46.93,144.95,4.8,5.0,Cartão
911,1116,700,2.12,4.31,9.18,4.1,4.6,Cartão
912,1133,653,16.78,25.8,40.13,3.6,4.7,Cartão
913,1057,949,32.19,72.65,118.98,3.9,4.3,Dinheiro
914,1555,572,8.3,16.3,27.61,3.6,3.1,Cartão
915,1684,700,35.08,60.46,154.06,4.5,3.4,Cartão
916,1671,795,37.55,108.84,156.68,4.6,4.9,Cartão
917,1172,516,49.12,111.22,199.98,4.7,3.7,Cartão
918,1828,628,11.28,14.21,34.08,5.0,3.2,Cartão
919,1814,716,41.43,87.84,182.91,4.6,4.4,Cartão
920,1148,560,26.49,67.85,57.14,4.2,3.6,Dinheiro
921,1079,926,19.3,46.65,47.84,3.7,3.5,Cartão
922,1885,603,7.0,9.41,21.05,4.1,5.0,Dinheiro
923,1212,541,37.04,109.08,82.61,3.1,4.7,Pix
924,1202,524,12.56,23.83,33.97,4.5,3.8,Dinheiro
925,1763,538,19.2,25.31,86.22,3.9,5.0,Cartão
926,1228,790,4.06,5.52,19.67,3.0,4.3,Pix
927,1675,630,40.27,48.18,117.34,3.1,4.5,Cartão
928,1226,997,38.56,100.53,107.72,3.8,3.1,Cartão
929,1658,728,36.95,45.97,104.93,4.2,3.2,Dinheiro
930,1531,607,15.67,19.59,44.4,3.9,4.3,Dinheiro
931,1440,671,9.5,25.66,20.02,4.2,4.8,Cartão
932,1401,934,32.24,54.46,154.13,4.0,4.2,Cartão
933,1046,977,25.31,26.87,66.85,4.3,3.3,Cartão
934,1232,601,9.73,10.74,31.72,3.4,3.2,Cartão
935,1304,853,34.61,44.45,70.23,3.2,4.7,Cartão
936,1525,511,49.57,70.73,226.73,4.2,3.3,Pix
937,1142,774,37.61,87.64,157.72,4.0,4.0,Pix
938,1414,600,37.26,48.98,180.35,3.1,3.1,Dinheiro
939,1512,543,47.57,58.88,206.68,3.8,3.2,Cartão
940,1372,942,10.94,27.67,32.18,3.2,4.3,Dinheiro
941,1565,804,28.71,67.24,78.77,4.1,4.4,Pix
942,1885,944,49.0,91.66,200.56,3.8,3.7,Dinheiro
943,1258,516,9.1,19.1,28.14,4.2,3.4,Cartão
944,1655,829,35.31,57.34,130.6,4.6,4.6,Cartão
945,1470,556,29.7,58.36,59.96,3.6,3.4,Cartão
946,1952,810,29.74,59.88,65.0,4.9,4.1,Cartão
947,1970,996,35.19,62.44,126.9,4.1,4.9,Dinheiro
948,1011,802,46.55,130.95,172.15,4.2,3.3,Dinheiro
949,1329,511,39.35,40.61,167.41,4.4,4.9,Cartão
950,1735,817,3.75,9.62,8.98,4.3,3.4,Cartão
951,1783,579,42.78,53.42,151.42,4.0,4.1,Cartão
952,1967,715,12.05,31.27,31.13,3.9,3.8,Cartão
953,1357,838,19.47,43.45,44.38,3.1,4.9,Cartão
954,1971,763,23.62,63.46,76.33,3.0,3.5,Dinheiro
955,1407,978,24.56,29.35,61.15,3.7,3.8,Cartão
956,1667,648,22.32,47.27,59.49,3.7,5.0,Dinheiro
957,1372,580,46.93,93.96,138.57,3.8,4.1,Cartão
958,1007,714,35.59,85.86,98.87,3.3,4.0,Cartão
959,1121,984,31.93,66.05,72.25,4.5,3.5,Cartão
960,1347,873,3.44,7.16,7.81,4.7,4.4,Dinheiro
961,1675,963,45.29,84.2,116.84,4.9,3.0,Cartão
962,1089,697,45.56,73.7,98.03,4.0,3.1,Dinheiro
963,1647,699,39.23,77.07,152.19,4.4,4.2,Cartão
964,1697,524,1.34,1.66,3.84,4.7,3.7,Dinheiro
965,1315,965,3.81,11.14,10.82,3.8,4.9,Dinheiro
966,1177,588,12.04,29.24,36.07,3.6,4.8,Cartão
967,1539,767,7.44,21.61,29.67,4.9,4.4,Dinheiro
968,1731,642,20.54,29.85,94.73,4.0,4.6,Cartão
969,1868,558,46.21,127.48,197.65,4.0,4.3,Dinheiro
970,1040,909,24.13,63.16,100.93,3.4,3.3,Cartão
971,1739,988,1.66,3.91,5.73,3.2,4.5,Cartão
972,1703,864,14.85,33.41,60.61,4.7,3.4,Dinheiro
973,1922,525,3.19,5.21,11.67,4.2,3.6,Dinheiro
974,1501,546,2.78,7.32,7.36,3.7,4.6,Cartão
975,1958,787,14.51,29.06,38.1,3.4,4.1,Dinheiro
976,1144,765,14.51,16.57,41.92,4.1,4.7,Cartão
977,1200,515,39.57,64.33,187.26,4.2,3.4,Cartão
978,1928,698,48.77,140.0,177.63,3.4,4.2,Dinheiro
979,1723,900,19.19,51.84,80.63,4.7,3.2,Cartão
980,1460,906,22.02,65.26,66.93,3.2,4.3,Cartão
981,1731,781,42.39,95.63,136.63,3.7,4.5,Dinheiro
982,1751,968,14.14,21.14,33.61,4.4,4.2,Cartão
983,1924,585,8.66,11.48,21.77,3.5,3.5,Dinheiro
984,1908,749,42.8,58.8,191.83,4.7,3.1,Cartão
985,1557,890,3.28,3.41,12.31,4.5,3.2,Cartão
986,1546,769,31.37,55.88,94.51,4.6,4.2,Cartão
987,1252,834,28.54,39.47,125.82,3.2,4.9,Dinheiro
988,1389,616,17.95,32.73,49.18,3.3,3.4,Dinheiro
989,1593,506,16.44,47.18,81.02,3.6,4.5,Cartão
990,1882,636,38.82,72.25,117.8,4.0,4.7,Cartão
991,1255,870,5.23,14.41,15.75,4.5,4.0,Pix
992,1708,675,12.6,27.86,36.99,4.7,4.3,Cartão
993,1814,827,36.89,55.12,87.29,4.4,4.6,Dinheiro
994,1920,997,27.87,47.71,65.03,4.9,3.5,Cartão
995,1449,814,7.27,8.49,28.68,4.5,3.6,Dinheiro
996,1009,714,44.22,73.71,204.53,3.6,3.0,Cartão
997,1823,976,20.28,47.76,88.66,3.5,4.9,Dinheiro
998,1797,581,41.57,47.57,100.74,4.4,4.8,Dinheiro
999,1241,722,39.6,55.87,144.02,3.4,4.5,Cartão
1000,1250,977,31.6,55.71,73.21,3.2,3.2,Cartão
