codigo	descricao	codigo_grupo	id	offset	item_filename
1111	SERVIÇOS  DE DESENVOLVIMENTO DE SOFTWARE E OU MANUTENÇÃO EVOLUTIVA DE SOFTWARE                                          	111	1111	0	servicos.classes
1112	SERVIÇOS  DE MANUTENÇÃO EVOLUTIVA DE SOFTWARE                                                                           	111	1112	0	servicos.classes
1121	SERVIÇOS DE MANUTENÇÃO E SUSTENTAÇÃO DE SOFTWARE                                                                        	112	1121	0	servicos.classes
1131	SERVICOS DE DOCUMENTACAO DE SOFTWARE                                                                                    	113	1131	0	servicos.classes
1141	SERVIÇOS DE ENGENHARIA DE REQUISITOS DE SOFTWARE                                                                        	114	1141	0	servicos.classes
1151	SERVIÇOS DE MENSURAÇÃO DE SOFTWARE                                                                                      	115	1151	0	servicos.classes
1161	SERVIÇOS DE QUALIDADE DE SOFTWARE                                                                                       	116	1161	0	servicos.classes
1171	SERVIÇO DE IMPLEMENTAÇÃO ÁGIL DE SOFTWARE                                                                               	117	1171	0	servicos.classes
1311	INFRAESTRUTURA COMO SERVIÇO - IAAS                                                                                      	131	1311	0	servicos.classes
1312	PLATAFORMA COMO SERVIÇO - PAAS                                                                                          	131	1312	0	servicos.classes
1313	SOFTWARE COMO SERVIÇO - SAAS                                                                                            	131	1313	0	servicos.classes
1411	SERVIÇOS DE TELEFONIA FIXA COMUTADA (STFC)                                                                              	141	1411	0	servicos.classes
1412	SMP - SERVIÇO MÓVEL PESSOAL                                                                                             	141	1412	0	servicos.classes
1413	SERVIÇOS DE TELEFONIA INTERNACIONAL - LDI (STFC E SMP)                                                                  	141	1413	0	servicos.classes
1414	SERVIÇOS DE TELECOMUNICAÇÕES SATELITAIS                                                                                 	141	1414	0	servicos.classes
1421	SERVIÇOS DE LINKS VIA CABO                                                                                              	142	1421	0	servicos.classes
1422	SERVIÇOS DE LINKS VIA RÁDIO                                                                                             	142	1422	0	servicos.classes
1423	SERVIÇOS DE LINKS VIA SATÉLITE                                                                                          	142	1423	0	servicos.classes
1511	OUTSOURCING DE IMPRESSÃO - PÁGINAS DENTRO DA FRANQUIA                                                                   	151	1511	0	servicos.classes
1512	OUTSOURCING DE IMPRESSÃO - PÁGINAS EXCEDENTES A FRANQUIA                                                                	151	1512	0	servicos.classes
1521	OUTSOURCING DE IMPRESSÃO - LOCAÇÃO DE EQUIPAMENTO DE IMPRES-SÃO                                                         	152	1521	0	servicos.classes
1522	OUTSOURCING DE IMPRESSÃO - LOCAÇÃO - PÁGINAS IMPRESSAS                                                                  	152	1522	0	servicos.classes
1531	"OUTSOURCING DE IMPRESSÃO   - MODALIDADE SEM FRANQUIA (APENASPÁGINAS IMPRESSAS) - ""CLICK""                                "	153	1531	0	servicos.classes
1611	SERVIÇOS ESPECIALIZADOS  DE  INSTALAÇÃO, TRANSIÇÃO, CONFIGU-RAÇÃO / CUSTOMIZAÇÃO DE SOFTWARE                            	161	1611	0	servicos.classes
1621	SERVIÇOS  DE   GERENCIAMENTO  EM TECNOLOGIA DA INFORMAÇÃO E COMUNICAÇÃO (TIC)                                           	162	1621	0	servicos.classes
1631	SERVIÇOS DE HOSPEDAGEM EM TECNOLOGIA DA INFORMAÇÃO E COMUNI-CACÃO (TIC)                                                 	163	1631	0	servicos.classes
1641	SERVIÇOS DE INTEGRAÇÃO DE SISTEMAS EM TECNOLOGIA DA INFORMA-ÇÃO E COMUNICAÇÃO (TIC)                                     	164	1641	0	servicos.classes
1651	SERVICOS PARA  A  INFRAESTRUTURA DE TECNOLOGIA DA INFORMAÇÃOE COMUNICAÇÃO (TIC),  NAO CLASSIFICADOS EM OUTROS TÓPICOS   	165	1651	0	servicos.classes
1661	SERVIÇOS DE MANUTENÇÃO E INSTALAÇÃO DE EQUIPAMENTOS DE TIC                                                              	166	1661	0	servicos.classes
1671	SERVIÇOS DE EMISSÃO DE CERTIFICADO A1                                                                                   	167	1671	0	servicos.classes
1672	SERVIÇOS DE EMISSÃO DE CERTIFICADO A3, COM TOKEN                                                                        	167	1672	0	servicos.classes
1673	SERVIÇOS DE EMISSÃO DE CERTIFICADO A3, SEM TOKEN                                                                        	167	1673	0	servicos.classes
1674	SERVIÇOS DE EMISSÃO DE OUTROS TIPOS DE CERTIFICADOS DIGITAIS                                                            	167	1674	0	servicos.classes
1681	SERVIÇOS AUXILIARES DE TECNOLOGIA DA INFORMAÇÃO  E COMUNICA-ÇÃO (TIC)                                                   	168	1681	0	servicos.classes
1682	SERVIÇOS DE DIGITALIZAÇÃO/ INDEXAÇÃO DE DOCUMENTOS E CONVER-SÃO DE ARQUIVOS DIGITAIS - OCR                              	168	1682	0	servicos.classes
1711	SERVIÇOS DE ANÁLISE DA DADOS E INDICADORES DE TIC                                                                       	171	1711	0	servicos.classes
1721	SERVIÇOS DE PESQUISA,ANÁLISE E DESENVOLVIMENTO EM TECNOLOGIADA INFORMAÇÃO E COMUNICAÇÃO (TIC)                           	172	1721	0	servicos.classes
1731	SERVIÇOS  DE  CONSULTORIA  EM  TECNOLOGIA  DA  INFORMAÇÃO  ECOMUNICAÇÃO (TIC)                                           	173	1731	0	servicos.classes
1741	SERVIÇOS DE PROJETOS EM TECNOLOGIA DA INFORMAÇÃO E COMUNICA-ÇÃO (TIC)                                                   	174	1741	0	servicos.classes
1811	SERVIÇOS DE ARRENDAMENTO MERCANTIL FINANCEIRO                                                                           	181	1811	0	servicos.classes
1812	SERVIÇOS DE  ARRENDAMENTO  MERCANTIL OPERACIONAL, OU LOCAÇÃODE MÁQUINAS E EQUIPAMENTOS, SEM OPERADOR                    	181	1812	0	servicos.classes
1821	LICENCIAMENTO  DE DIREITOS  PERMANENTES  SOBRE  PROGRAMAS DECOMPUTADOR E LOCAÇÃO DE SOFTWARE                            	182	1821	0	servicos.classes
1822	CONTRATOS DE TRANSFERÊNCIA DE TECNOLOGIA                                                                                	182	1822	0	servicos.classes
1831	SEÇÃO DE DIREITOS DE PROPRIEDADE INTELECTUAL                                                                            	183	1831	0	servicos.classes
5411	SERVIÇOS GERAIS DE CONSTRUÇÃO DOS EDIFÍCIOS RESIDÊNCIAIS                                                                	541	5411	0	servicos.classes
5412	SERVIÇOS GERAIS DE CONSTRUÇÃO DOS EDIFÍCIOS NÃO RESIDÊNCIAIS                                                            	541	5412	0	servicos.classes
5421	SERVIÇOS GERAIS DE CONSTRUÇÃO DE ESTRADAS(EXCETO ELEVADOS), RUAS,VIAS,ESTRADAS DE FERRO E PISTAS DE ATERRIZAGEM         	542	5421	0	servicos.classes
5422	SERVIÇOS GERAIS DE CONSTRUÇÃO DE PONTES,ELEVADOS,TÚNEIS E   SUBTERRÂNEOS                                                	542	5422	0	servicos.classes
5423	SERVIÇOS GERAIS DE CONSTRUÇÃO DE PORTOS,CANAIS,REPRESAS E OUTRAS OBRAS HIDRÁULICAS E DE IRRIGAÇÃO                       	542	5423	0	servicos.classes
5424	SERVIÇOS GERAIS DE CONSTRUÇÃO DE TUBULAÇÕES, LINHAS DE COMU-NICAÇÃO E DE ENERGIA DE LONGA DISTÂNCIA                     	542	5424	0	servicos.classes
5425	SERVIÇOS GERAIS DE CONSTRUÇÃO DE TUBULAÇÕES,CABOS E OBRAS A-FINS URBANAS                                                	542	5425	0	servicos.classes
5426	SERVIÇOS GERAIS DE CONSTRUÇÃO DE MINAS E PLANTAS INDUSTRIAIS                                                            	542	5426	0	servicos.classes
5427	SERVIÇOS GERAIS DE CONSTRUÇÃO DE INSTALAÇÕES AO AR LIVRE    PARA DESPORTOS E LAZER                                      	542	5427	0	servicos.classes
5429	SERVIÇOS GERAIS DE CONSTRUÇÃO DE OUTRAS OBRAS DE ENGENHARIA N.C.P                                                       	542	5429	0	servicos.classes
5431	SERVIÇOS DE DEMOLIÇÃO                                                                                                   	543	5431	0	servicos.classes
5432	SERVIÇOS DE PREPARO/ACERTO E DESMATAMENTO DE TERRENO                                                                    	543	5432	0	servicos.classes
5433	SERVIÇOS DE ESCAVAÇÃO E DE MOVIMENTO DE TERRAS(TERRAPLANA-  GEM)                                                        	543	5433	0	servicos.classes
5434	SERVIÇO DE PERFURAÇÃO DE POÇOS DE ÁGUA E INSTALAÇÕES DE SIS-TEMAS SÉPTICOS                                              	543	5434	0	servicos.classes
5440	MONTAGEM E INSTALAÇÃO DE CONSTRUÇÕES PRÉ-FABRICADAS                                                                     	544	5440	0	servicos.classes
5451	SERVIÇOS DE INSTALAÇÃO DE PILOTIS E CIMENTAÇÃO DE FUNDAÇÃO/ALICERCE                                                     	545	5451	0	servicos.classes
5452	SERVIÇOS DE ESTRUTURAÇÃO DAS CONSTRUÇÕES, DE EDIFÍCIOS E TE-LHADOS                                                      	545	5452	0	servicos.classes
5453	SERVIÇOS DE TELHADO E IMPERMEABILIZAÇÃO                                                                                 	545	5453	0	servicos.classes
5454	SERVIÇOS DE TRABALHO COM CONCRETO                                                                                       	545	5454	0	servicos.classes
5455	SERVIÇOS DE INSTALAÇÃO DE ESTRUTURAS DE AÇO                                                                             	545	5455	0	servicos.classes
5456	SERVIÇOS DE ALVENARIA                                                                                                   	545	5456	0	servicos.classes
5457	SERVIÇOS DE INSTALAÇÃO DE ANDAIMES                                                                                      	545	5457	0	servicos.classes
5459	OUTROS TIPOS ESPECIAIS DE SERVIÇOS DE CONSTRUÇÃO                                                                        	545	5459	0	servicos.classes
5461	SERVIÇOS DE INSTALAÇÃO ELÉTRICA, DE CABOS, ALARMES, ANTENAS E OUTROS DISPOSITIVOS ELÉTRICOS                             	546	5461	0	servicos.classes
5462	SERVIÇOS DE ENCANAMENTO E CONSTRUÇÃO DE CANAIS/DRENOS                                                                   	546	5462	0	servicos.classes
5463	SERVIÇOS DE INSTALAÇÃO DE CALEFAÇÃO/AQUECEDOR, VENTILAÇÃO E AR CONDICIONADO                                             	546	5463	0	servicos.classes
5464	SERVIÇOS DE INSTALAÇÃO/MONTAGEM DE SISTEMAS DE GÁS                                                                      	546	5464	0	servicos.classes
5465	SERVIÇOS DE ISOLAMENTO                                                                                                  	546	5465	0	servicos.classes
5469	OUTROS SERVIÇOS DE INSTALAÇÃO                                                                                           	546	5469	0	servicos.classes
5471	SERVIÇOS DE INSTALAÇÃO DE VIDROS                                                                                        	547	5471	0	servicos.classes
5472	SERVIÇOS DE GESSO                                                                                                       	547	5472	0	servicos.classes
5473	SERVIÇOS DE PINTURA                                                                                                     	547	5473	0	servicos.classes
5474	SERVIÇOS DE COLOCAÇÃO DE AZULEIJOS E CERÂMICAS DE PISO                                                                  	547	5474	0	servicos.classes
5475	OUTROS SERVIÇOS DE COLOCAÇÃO DE ASSOALHOS,REVESTIMENTO DE PAREDE E PAPEL DE PAREDE                                      	547	5475	0	servicos.classes
5476	SERVIÇOS DE CARPINTARIA E SERRALHERIA                                                                                   	547	5476	0	servicos.classes
5477	SERVIÇOS DE CERCAS E GRADES                                                                                             	547	5477	0	servicos.classes
5479	OUTROS SERVIÇOS DE ACABAMENTO E FINALIZAÇÃO DE EDIFÍCIOS                                                                	547	5479	0	servicos.classes
5480	SERVIÇOS DE ALUGUEL DE EQUIPAMENTO PARA CONSTRUÇÃO OU DEMOLIÇÃO DE EDIFÍCIOS OU PARA OBRAS DE ENG.CIVIL COM OPERADOR    	548	5480	0	servicos.classes
6111	SERVIÇO DO COMÉRCIO POR ATACADO,EXCETO POR COMISSÃO OU POR  CONTRATO,DE MATÉRIAS PRIMAS AGRÍCOLAS E ANIMAIS VIVOS       	611	6111	0	servicos.classes
6112	SERVIÇO DO COMÉRCIO POR ATACADO,EXCETO POR COMISSÃO OU PO   CONTRATO,DE COMIDAS,BEBIDAS E TABACO                        	611	6112	0	servicos.classes
6113	SERVIÇO DO COMÉRCIO POR ATACADO,EXCETO POR COMISSÃO OU PO   CONTRATO,DE ARTIGOS TÊXTEIS,ROUPAS DE VESTIR E CALÇADOS     	611	6113	0	servicos.classes
6114	SERVIÇO DO COMÉRCIO POR ATACADO,EXCETO POR COMISSÃO OU PO   CONTRATO,DE DISPOSITIVOS,ARTIGOS E EQUIPAMENTOS DOMÉSTICOS  	611	6114	0	servicos.classes
6115	SERVIÇO DO COMÉRCIO POR ATACADO,EXCETO POR COMISSÃO OU PO   CONTRATO,DE BENS DE CONSUMO DIVERSOS                        	611	6115	0	servicos.classes
6116	SERVIÇO DO COMÉRCIO POR ATACADO,EXCETO POR COMISSÃO OU PO   CONTRATO,DE MATERIAIS E FERRAGENS DE CONSTRUÇÃO             	611	6116	0	servicos.classes
6117	SERVIÇO DO COMÉRCIO POR ATACADO,EXCETO POR COMISSÃO OU PO   CONTRATO,DE PRODUTOS QUÍMICOS E FARMACÊUTICOS               	611	6117	0	servicos.classes
6118	SERVIÇO DO COMÉRCIO POR ATACADO,EXCETO POR COMISSÃO OU PO   CONTRATO,DE MAQUINARIA,EQUIPAMENTOS E SUPRIMENTOS           	611	6118	0	servicos.classes
6119	SERVIÇO DO COMÉRCIO POR ATACADO,EXCETO POR COMISSÃO OU PO   CONTRATO,DE OUTROS PRODUTOS                                 	611	6119	0	servicos.classes
6121	SERVIÇOS DO COMÉRCIO POR ATACADO PRESTADO POR COMISSÃO OU   POR CONTRATO,DE MATÉRIAS PRIMAS AGRÍCOLAS E ANIMAIS VIVOS   	612	6121	0	servicos.classes
6122	SERVIÇOS DO COMÉRCIO ATACADISTA, POR COMISSÃO/CONTRATO DE   COMIDAS, CARNES, AVES, PESCA, LATICÍNIOS, TABACO E OUTROS   	612	6122	0	servicos.classes
6123	SERVIÇOS DO COMÉRCIO POR ATACADO PRESTADO POR COMISSÃO OU   POR CONTRATO,DE ARTIGOS TÊXTEIS,ROUPAS DE VESTIR E CALÇADOS 	612	6123	0	servicos.classes
6124	SERVIÇOS DO COMÉRCIO POR ATACADO PRESTADO POR COMISSÃO OU   CONTRATO,DE DISPOSITIVOS,ARTIGOS E EQUIPAMENTOS DOMÉSTICOS  	612	6124	0	servicos.classes
6125	SERVIÇOS DO COMÉRCIO POR ATACADO PRESTADO POR COMISSÃO OU   POR CONTRATO,DE BENS DE CONSUMO DIVERSOS                    	612	6125	0	servicos.classes
6126	SERVIÇOS DO COMÉRCIO POR ATACADO PRESTADO POR COMISSÃO OU   POR CONTRATO,DE MATERIAIS E FERRAGENS DE CONSTRUÇÃO         	612	6126	0	servicos.classes
6127	SERVIÇOS DO COMÉRCIO POR ATACADO PRESTADO POR COMISSÃO OU   POR CONTRATO,DE PRODUTOS QUÍMICOS E FARMACÊUTICOS           	612	6127	0	servicos.classes
6128	SERVIÇOS DO COMÉRCIO POR ATACADO PRESTADO POR COMISSÃO OU   POR CONTRATO,DE MAQUINARIA,EQUIPAMENTOS E SUPRIMENTOS       	612	6128	0	servicos.classes
6129	SERVIÇOS DO COMÉRCIO POR ATACADO PRESTADO POR COMISSÃO OU   POR CONTRATO,DE OUTROS PRODUTOS                             	612	6129	0	servicos.classes
6229	SERVIÇOS DO COMÉRCIO DE VAREJO EM LOJAS ESPECIALIZADAS                                                                  	622	6229	0	servicos.classes
6242	OUTROS SERVIÇOS DO COMÉRCIO DE VAREJO DE COMIDAS, DE BEBIDASE TABACO SEM INTERVENÇÃO DE LOJAS                           	624	6242	0	servicos.classes
6311	SERVIÇOS DE ALOJAMENTO EM HOTEIS E MOTEIS                                                                               	631	6311	0	servicos.classes
6319	OUTROS SERVIÇOS DE ALOJAMENTO                                                                                           	631	6319	0	servicos.classes
6321	SERVIÇOS DE FORNECIMENTO DE REFEIÇÃO COM SERVIÇO COMPLETO DERESTAURANTE                                                 	632	6321	0	servicos.classes
6322	SERVIÇOS DE FORNECIMENTO DE REFEIÇÕES EM ESTABELECIMENTO DE AUTOSERVIÇO/SELF-SERVICE                                    	632	6322	0	servicos.classes
6323	SERVIÇOS DE FORNECEDOR, FORNECENDO REFEIÇÕES POR ENCOMENDA  EXTERNAMENTE                                                	632	6323	0	servicos.classes
6329	OUTROS SERVIÇOS DE FORNECIMENTO DE COMIDA                                                                               	632	6329	0	servicos.classes
6410	SERVIÇOS DE TRANSPORTE TERRESTRE DE COMBINADAS MODALIDADES                                                              	641	6410	0	servicos.classes
6411	TRANSPORTE DE CARGA - INTERNACIONAL                                                                                     	641	6411	0	servicos.classes
6421	SERVIÇOS DE TRANSPORTE FERROVIÁRIO DE PASSAGEIROS, URBANO / SUBURBANO,INTERUBANO/INTERESTADUAL                          	642	6421	0	servicos.classes
6422	SERVIÇOS DE TRANSPORTE FERROVIÁRIO DE CARGA, POR VAGÃO REFRIGERADO, VAGÃO TANQUE, EM CONTAINERS EM VAGÕES PLANO E OUTROS	642	6422	0	servicos.classes
6423	SERVIÇOS FERROVIÁRIOS DE TRAÇÃO OU REBOQUE                                                                              	642	6423	0	servicos.classes
6431	SERVIÇOS REGULAR/PROGRAMADO DE TRANSPORTE RODOVIÁRIO DE PAS-SAGEIROS, URBANO/SUBURBANO/INTERURBANO                      	643	6431	0	servicos.classes
6432	SERVIÇOS DE TRANSPORTE RODOVIÁRIO DE PASSAGEIROS NÃO PROGRA-MADO                                                        	643	6432	0	servicos.classes
6433	SERVIÇOS DE TRANSPORTE RODOVIÁRIO DE CARGA, POR VEÍCULOS RE-FRIGERADOS, CAMINHÕES TANQUE E OUTROS TIPOS                 	643	6433	0	servicos.classes
6434	SERVIÇOS DE ENTREGAS LOCAIS/URBANAS VARIADAS                                                                            	643	6434	0	servicos.classes
6435	SERVIÇOS DE ALUGUEL DE CAMINHÕES COM OPERADOR/MOTORISTA                                                                 	643	6435	0	servicos.classes
6441	SERVIÇOS DE TRANSPORTE VIA TUBULAÇÃO DE PRETRÓLEO E GÁS NATURAL                                                         	644	6441	0	servicos.classes
6449	SERVIÇOS DE TRANSPORTE VIA TUBULAÇÃO DE OUTROS PRODUTOS/BENS                                                            	644	6449	0	servicos.classes
6512	SERVIÇOS DE TRANSPORTE MARÍTIMO/COSTEIRO E TRANSOCEÂNICO DE CARGA                                                       	651	6512	0	servicos.classes
6522	SERVIÇOS DE TRANSPORTE FLUVIAL/INTERIOR DE CARGA                                                                        	652	6522	0	servicos.classes
6719	OUTROS SERVIÇOS DE MOVIMENTAÇÃO DE CARGA                                                                                	671	6719	0	servicos.classes
6721	SERVIÇOS DE ARMAZENAGEM                                                                                                 	672	6721	0	servicos.classes
6729	OUTROS SERVIÇOS DE ARMAZENAMENTO OU DE ARMAZENAGEM                                                                      	672	6729	0	servicos.classes
6740	SERVIÇOS DE SUPORTE PARA TRANSPORTE FERROVIÁRIO                                                                         	674	6740	0	servicos.classes
6762	SERVIÇOS DE PRATICAGEM E ATRACAÇÃO                                                                                      	676	6762	0	servicos.classes
6771	SERVIÇOS DE ADMINISTRAÇÃO AEROPORTUÁRIA                                                                                 	677	6771	0	servicos.classes
6779	OUTROS SUPORTES E SERVIÇOS PARA O TRANSPORTE AÉREO OU ESPACIAL                                                          	677	6779	0	servicos.classes
6781	SERVIÇOS DE AGÊNCIA DE VIAGENS E OPERADORAS DE TURISMO                                                                  	678	6781	0	servicos.classes
6782	SERVIÇOS DE GUIAS TURÍSTICOS                                                                                            	678	6782	0	servicos.classes
6791	SERVIÇOS DE AGENCIAMENTO DE TRANSPORTE DE CARGA E OUTROS SERVIÇOS AUXILIARES DE TRANSPORTE                              	679	6791	0	servicos.classes
6799	OUTROS SERVIÇOS AUXILIARES DE TRANSPORTE N.C.P                                                                          	679	6799	0	servicos.classes
6811	SERVIÇOS POSTAL E DE CORREIO                                                                                            	681	6811	0	servicos.classes
6911	SERVIÇOS DE TRANSMISSÃO E DISTRIBUIÇÃO DE ELETRICIDADE                                                                  	691	6911	0	servicos.classes
6912	SERVIÇOS DE DISTRIBUIÇÃO DE GÁS ATRAVÉS DE TUBULAÇÃO                                                                    	691	6912	0	servicos.classes
6921	SERVIÇOS DE DISTRIBUIÇÃO DE ÁGUA ATRAVÉS DE TUBULAÇÃO,EXCETOVAPOR E ÁGUA QUENTE                                         	692	6921	0	servicos.classes
6922	SERVIÇOS DE DISTRIBUIÇÃO DE VAPOR E ÁGUA QUENTE ATRAVÉS DE  TUBULAÇÃO                                                   	692	6922	0	servicos.classes
6923	SERVIÇOS DE DISTRIBUIÇÃO DE ÁGUA ATRAVÉS DE TUBULAÇÃO                                                                   	692	6923	0	servicos.classes
6929	OUTROS SERVIÇOS DE FORNECIMENTO E DISTRIBUIÇÃO DE ÁGUA                                                                  	692	6929	0	servicos.classes
7110	SERVIÇOS DE INTERMEDIAÇÃO FINANCEIRA,EXCETO SERVIÇO BANCÁRIODE INVESTIMENTO,SERVIÇOS DE SEGUROS E DE PENSÕES            	711	7110	0	servicos.classes
7120	SERVIÇOS BANCÁRIO DE INVESTIMENTO                                                                                       	712	7120	0	servicos.classes
7131	SERVIÇOS DE SEGUROS DE VIDA E DE PENSÕES(EXCETO SERVIÇOS DE RESEGURO)                                                   	713	7131	0	servicos.classes
7132	SERVIÇOS DE SEGUROS DE ACIDENTES E DE SAÚDE                                                                             	713	7132	0	servicos.classes
7133	SERVIÇOS DE SEGUROS DE TRANSPORTE MARÍTIMO, AÉREO, VEÍCULOS À MOTOR, DE FRETE, DE PROPRIEDADE/BENS INDIVIDUAIS          	713	7133	0	servicos.classes
7134	SERVIÇOS RELATIVOS A PREVIDÊNCIA COMPLEMENTAR                                                                           	713	7134	0	servicos.classes
7151	SERVIÇOS RELACIONADOS A OPERAÇÕES BANCÁRIAS DE INVESTIMENTOS                                                            	715	7151	0	servicos.classes
7152	SERVIÇOS DE CORRETAGEM E SEGUROS E PRODUTOS CONEXOS                                                                     	715	7152	0	servicos.classes
7153	SERVIÇOS DE ADMINISTRAÇÃO DE CARTEIRAS,DE CONFIANÇA(FIDUCIÁ-RIA) E SERVIÇO DE CUSTÓDIA                                  	715	7153	0	servicos.classes
7154	SERVIÇOS RELACIONADOS COM A ADMINISTRAÇÃO DE MERCADOS FINAN-CEIROS                                                      	715	7154	0	servicos.classes
7155	OUTROS SERVIÇOS AUXILIARES DA INTERMEDIAÇÃO FINANCEIRA                                                                  	715	7155	0	servicos.classes
7211	SERVIÇOS DE ARRENDAMENTO OU LEASING RELATIVOS A BENS REAIS  PRÓPRIOS OU ARRENDADOS, RESIDENCIAIS E NÃO RESIDENCIAIS     	721	7211	0	servicos.classes
7212	SERVIÇOS COMERCIAIS ASSOCIADOS COM EDIFÍCIOS E TERRENOS                                                                 	721	7212	0	servicos.classes
7213	SERVIÇOS COMERCIAIS ASSOCIADOS COM TERRENOS DESOCUPADOS E   SUBDIVIDIDOS                                                	721	7213	0	servicos.classes
7217	SERVIÇOS DE ESTACIONAMENTO DE VEÍCULOS AUTOMOTORES - GERÊNCI                                                            	721	7217	0	servicos.classes
7218	SERVIÇOS DE CONSULTORIA E ASSESSORIA IMOBILIÁRIA                                                                        	721	7218	0	servicos.classes
7219	SERVIÇOS IMOBILIÁRIOS RELATIVOS A LOCAÇÃO OU ARRENDAMENTO                                                               	721	7219	0	servicos.classes
7221	SERVIÇOS DE ADMINISTRAÇÃO DE PROPRIEDADES RESIDENCIAIS E NÃORESIDENCIAIS COMISSIONADOS OU POR CONTRATO                  	722	7221	0	servicos.classes
7222	VENDA DE EDIFÍCIOS E TERRENOS CONEXOS COMISSIONADOS OU POR  CONTRATO                                                    	722	7222	0	servicos.classes
7223	VENDA DE TERRENOS COMISSIONADOS OU POR CONTRATO                                                                         	722	7223	0	servicos.classes
7224	SERVIÇOS DE AVALIAÇÃO DE PROPRIEDADES COMISSIONADOS OU POR  CONTRATO                                                    	722	7224	0	servicos.classes
7311	SERVIÇOS DE LEASING OU ALUGUEL VEÍCULOS A MOTOR, FERROVIÁRIOEMBARCAÇÕES, AERONAVES, DE EQUIPAMENTO DE TRANSPORTE, S/OPER	731	7311	0	servicos.classes
7312	SERVIÇOS DE LEASING OU ALUGUEL DE OUTROS TIPOS DE MAQUINARIAE EQUIPAMENTO SEM OPERADOR                                  	731	7312	0	servicos.classes
7321	SERVIÇOS DE LEASING OU ALUGUEL DE TELEVISORES, RADIOS, GRAVADORES DE VÍDEO E EQUIPAMENTOS E ACESSÓRIOS CORRELATOS       	732	7321	0	servicos.classes
7322	SERVIÇOS DE LEASING OU ALUGUEL DE FITAS DE VÍDEO                                                                        	732	7322	0	servicos.classes
7323	SERVIÇOS DE LEASING OU ALUGUEL DE MÓVEIS E OUTROS UTENSÍLIOSE APARELHOS DOMÉSTICOS                                      	732	7323	0	servicos.classes
7324	SERVIÇOS DE LEASING OU ALUGUEL DE EQUIPAMENTOS DE RECREAÇÃO E RELAXAMENTO.                                              	732	7324	0	servicos.classes
7325	SERVIÇOS DE LEASING OU ALUGUEL DE ROUPA BRANCA PARA O LAR                                                               	732	7325	0	servicos.classes
7326	SERVIÇOS DE LEASING OU ALUGUEL DE TÊXTEIS, ROUPAS E CALÇADOS                                                            	732	7326	0	servicos.classes
7327	SERVIÇOS DE LEASING OU ALUGUEL DE MAQUINARIA E EQUIPAMENTOS DE ARTESANATO                                               	732	7327	0	servicos.classes
7329	SERVIÇOS DE LEASING OU ALUGUEL DE OUTROS BENS N.C.P.                                                                    	732	7329	0	servicos.classes
7331	SERVIÇOS DE LICENÇA PELO DIREITO DE USO DE SOFTWARE                                                                     	733	7331	0	servicos.classes
7339	ASSINATURA DE BANCO DE DADOS DE INFORAÇÕES COMERCIAIS / CADA                                                            	733	7339	0	servicos.classes
8211	SERVIÇOS JURÍDICOS DE ASSESSORIA E REPRESENTAÇÃO NOS DIFERENTES CAMPOS DO DIREITO                                       	821	8211	0	servicos.classes
8213	SERVIÇOS DE DOCUMENTAÇÃO JURÍDICA E CERTIFICAÇÃO                                                                        	821	8213	0	servicos.classes
8221	CONTABILIDADE E SERVIÇOS DE AUDITORIA FINANCEIRA                                                                        	822	8221	0	servicos.classes
8231	SERVIÇOS DE ASSESSORIA/CONSULTORIA RELACIONADOS A TRIBUTAÇÃO                                                            	823	8231	0	servicos.classes
8311	SERVIÇOS DE CONSULTORIA EM GERÊNCIA/GESTÃO                                                                              	831	8311	0	servicos.classes
8312	SERVIÇOS DE CONSULTORIA PRESTADO ÀS EMPRESAS                                                                            	831	8312	0	servicos.classes
8313	SERVIÇOS DE CONSULTORIA CIENTÍFICA E TÉCNICA N.C.P                                                                      	831	8313	0	servicos.classes
8314	SERVIÇOS DE CONSULTORIA EM INFORMÁTICA                                                                                  	831	8314	0	servicos.classes
8315	SERVIÇOS DE GERÊNCIA/GESTÃO EM INSTALAÇÕES DE INFORMÁTICA                                                               	831	8315	0	servicos.classes
8316	SERVIÇOS DE MANUTENÇÃO DE SISTEMAS                                                                                      	831	8316	0	servicos.classes
8319	OUTROS SERVIÇOS DE GERÊNCIA/GESTÃO, EXCETO OS DE PROJETOS DECONSTRUÇÃO                                                  	831	8319	0	servicos.classes
8321	SERVIÇOS DE ARQUITETURA                                                                                                 	832	8321	0	servicos.classes
8322	SERVIÇOS DE PLANEJAMENTO URBANO E PAISAGISMO ARQUITETÔNICO                                                              	832	8322	0	servicos.classes
8331	SERVIÇOS INTEGRADOS DE ENGENHARIA                                                                                       	833	8331	0	servicos.classes
8332	SERVIÇOS DE GERÊNCIA/GESTÃO DE PROJETOS RELACIONADOS COM A  CONSTRUÇÃO                                                  	833	8332	0	servicos.classes
8333	SERVIÇOS DE ENGENHARIA DE ASSESSORAMENTO/CONSULTIVO E PRÉ-DESENHO/PRÉ-PROJETO                                           	833	8333	0	servicos.classes
8334	SERVIÇOS DE DESENHO/PROJETO DE ENGENHARIA                                                                               	833	8334	0	servicos.classes
8335	SERVIÇOS DE ENGENHARIA DURANTE A FASE DE CONSTRUÇÃO E DE INSTALAÇÃO                                                     	833	8335	0	servicos.classes
8339	OUTROS SERVIÇOS DE ENGENHARIA                                                                                           	833	8339	0	servicos.classes
8351	SERVIÇOS DE PROSPECÇÃO GEOLÓGICA,GEOFÍSICA E OUTROS SERVIÇOS DE PROSPECÇÃO                                              	835	8351	0	servicos.classes
8352	SERVIÇOS DE TOPOGRAFIA/INSPEÇÃO ABAIXO DA SUPERFÍCIE                                                                    	835	8352	0	servicos.classes
8353	SERVIÇOS DE TOPOGRAFIA/INSPEÇÃO DE SUPERFÍCIE                                                                           	835	8353	0	servicos.classes
8354	SERVIÇOS DE CARTOGRAFIA/CONFECÇÃO DE MAPAS                                                                              	835	8354	0	servicos.classes
8355	SERVIÇOS METEOROLÓGICOS E DE PREVISÃO DO TEMPO                                                                          	835	8355	0	servicos.classes
8356	SERVIÇOS DE ENSAIO E ANÁLISES TÉCNICAS                                                                                  	835	8356	0	servicos.classes
8361	SERVIÇOS DE PUBLICAÇÃO, PRODUÇÃO JORNALÍSTICA, DIVULGAÇÃO TÉ                                                            	836	8361	0	servicos.classes
8369	OUTROS SERVIÇOS DE PUBLICIDADE                                                                                          	836	8369	0	servicos.classes
8370	SERVIÇOS DE PESQUISA DE MERCADO E DE OPINIÃO PÚBLICA(ENQUETE)                                                           	837	8370	0	servicos.classes
8371	SERVIÇOS DE PESQUISA E ANÁLISE DE: MERCADO, DADOS ESTATÍSTIC                                                            	837	8371	0	servicos.classes
8372	SERVIÇOS DE PESQUISA CARTOGRÁFICA, GEODÉSICA, MARÍTIMA, MINE                                                            	837	8372	0	servicos.classes
8373	SERVIÇOS DE PESQUISA DE DOENÇA INFECTO CONTAGIOSA                                                                       	837	8373	0	servicos.classes
8381	SERVICOS FOTOGRAFICOS                                                                                                   	838	8381	0	servicos.classes
8391	SERVIÇOS DE TRADUÇÃO E INTERPRETAÇÃO                                                                                    	839	8391	0	servicos.classes
8399	TODOS OS OUTROS SERVIÇOS DE NEGÓCIOS TÉCNICOS E PROFISSIONAIS                                                           	839	8399	0	servicos.classes
8411	SERVIÇOS DE PROVEDORES                                                                                                  	841	8411	0	servicos.classes
8412	SERVIÇOS DE TELEFONES FIXOS                                                                                             	841	8412	0	servicos.classes
8413	SERVIÇOS DE TELECOMUNICAÇÕES MÓVEIS                                                                                     	841	8413	0	servicos.classes
8414	SERVIÇOS DE REDES PRIVADAS                                                                                              	841	8414	0	servicos.classes
8415	SERVIÇOS DE TRANSMIÇÃO DE DADOS                                                                                         	841	8415	0	servicos.classes
8416	TODOS OS DEMAIS SERVIÇOS DE TELECOMUNICAÇÕES                                                                            	841	8416	0	servicos.classes
8417	SERVIÇOS DE DISTRIBUIÇÃO DE PROGRAMAS                                                                                   	841	8417	0	servicos.classes
8421	SERVIÇOS DE TELECOMUNICAÇÕES DE INTERNET                                                                                	842	8421	0	servicos.classes
8422	SERVIÇOS DE ACESSO À INTERNET                                                                                           	842	8422	0	servicos.classes
8439	SERVIÇOS DE FORNECIMENTO DE INFORMAÇÕES ON-LINE                                                                         	843	8439	0	servicos.classes
8441	SERVIÇOS DE AGÊNCIAS DE NOTÍCIAS/IMPRENSA AOS JORNAIS E AOS PERIÓDICOS                                                  	844	8441	0	servicos.classes
8442	SERVIÇOS DE AGÊNCIAS DE NOTÍCIAS/IMPRENSA AOS MEIOS AUDIOVI-SUAIS                                                       	844	8442	0	servicos.classes
8451	SERVIÇOS DE BIBLIOTECA                                                                                                  	845	8451	0	servicos.classes
8511	SERVIÇOS DE AGÊNCIAS DE PESQUISA DE EXECUTIVOS E DE EMPREGO                                                             	851	8511	0	servicos.classes
8512	PRESTAÇÃO DE SERVIÇOS DE PESSOAL                                                                                        	851	8512	0	servicos.classes
8521	SERVIÇOS DE INVESTIGAÇÃO                                                                                                	852	8521	0	servicos.classes
8522	SERVIÇOS DE CONSULTORIA EM SEGURANÇA                                                                                    	852	8522	0	servicos.classes
8523	SERVIÇO DE MONITORAÇÃO DE ALARME                                                                                        	852	8523	0	servicos.classes
8524	SERVIÇOS DE CARRO FORTE/VEÍCULOS BLINDADOS                                                                              	852	8524	0	servicos.classes
8525	SERVIÇOS DE PROTEÇÃO                                                                                                    	852	8525	0	servicos.classes
8529	OUTROS SERVIÇOS DE SEGURANÇA                                                                                            	852	8529	0	servicos.classes
8531	SERVIÇO DE DESINFECÇÃO E EXTERMINAÇÃO                                                                                   	853	8531	0	servicos.classes
8532	SERVIÇOS DE LIMPEZA DE JANELA                                                                                           	853	8532	0	servicos.classes
8533	SERVIÇOS GERAIS DE LIMPEZA                                                                                              	853	8533	0	servicos.classes
8534	SERVIÇO ESPECIALIZADO DE LIMPEZA                                                                                        	853	8534	0	servicos.classes
8541	SERVIÇOS DE EMPACOTAMENTO                                                                                               	854	8541	0	servicos.classes
8591	SERVIÇOS DE INFORMAÇÕES CREDITÍCIAS                                                                                     	859	8591	0	servicos.classes
8592	SERVIÇOS DE AGÊNCIAS DE COBRANÇA                                                                                        	859	8592	0	servicos.classes
8593	SERVIÇOS DE SUPORTE DE CHAMADAS TELEFÔNICAS                                                                             	859	8593	0	servicos.classes
8594	SERVIÇOS DE CÓPIAS                                                                                                      	859	8594	0	servicos.classes
8595	SERVIÇOS DE COPILAÇÃO DE LISTAS DE ENVIOS POR CORREIO E SER-VIÇOS DE ENVIO POR CORREIO                                  	859	8595	0	servicos.classes
8596	SERVIÇOS DE PROCESSAMENTO DE DADOS                                                                                      	859	8596	0	servicos.classes
8597	SERVIÇOS DE ORGANIZAÇÃO DE FEIRAS DE COMÉRCIO E EXPOSIÇÕES                                                              	859	8597	0	servicos.classes
8599	OUTROS SERVIÇOS DE SUPORTE N.C.P                                                                                        	859	8599	0	servicos.classes
8611	SERVIÇOS RELATIVOS À PRODUÇÃO                                                                                           	861	8611	0	servicos.classes
8612	SERVIÇOS DE CRIAÇÃO ANIMAL                                                                                              	861	8612	0	servicos.classes
8615	SERVIÇOS RELACIONADOS COM PESCA                                                                                         	861	8615	0	servicos.classes
8619	SERVIÇOS RELATIVOS À AGRICULTURA, CAÇA, REFLORESTAMENTO E PE                                                            	861	8619	0	servicos.classes
8621	SERVIÇOS RELACIONADOS COM A MINERAÇÃO                                                                                   	862	8621	0	servicos.classes
8631	SERVIÇOS RELATIVOS A ELETRICIDADE, GÁS, E A DISTRIBUIÇÃO DE ÁGUA                                                        	863	8631	0	servicos.classes
8711	SERVIÇOS DE MANUTENÇÃO E REPARO DE PRODUTOS FABRICADOS DE METAL,EXCETO MAQUINARIA E EQUIPQMENTOS                        	871	8711	0	servicos.classes
8712	SERVIÇOS DE MANUTENÇÃO E REPARO DA MAQUINARIA DE ESCRITÓRIO E CONTABILIDADE                                             	871	8712	0	servicos.classes
8713	SERVIÇOS DE MANUTENÇÃO,REPARO E ATENÇÃO AO EQUIPAMENTO DE INFORMÁTICA                                                   	871	8713	0	servicos.classes
8714	SERVIÇOS DE MANUTENÇÃO E REPARO DA MAQUINARIA E EQUIPAMENTOSDE TRANSPORTE                                               	871	8714	0	servicos.classes
8715	SERVIÇOS DE MANUTENÇÃO E REPARO DE OUTRAS MAQUINARIAS E EQUIPAMENTOS                                                    	871	8715	0	servicos.classes
8721	SERVIÇOS DE REPARO DE CALÇADOS E ARTIGOS DE COURO                                                                       	872	8721	0	servicos.classes
8722	SERVIÇOS DE REPARO DE RELÓGIOS E JÓIAS                                                                                  	872	8722	0	servicos.classes
8723	SERVIÇOS DE REPARO DE VESTUÁRIOS E PRODUTOS TÊXTEIS DOMÉSTI-COS                                                         	872	8723	0	servicos.classes
8724	SERVIÇOS DE REPARO DE MOBILIÁRIO                                                                                        	872	8724	0	servicos.classes
8729	SERVIÇOS DE MANUTENÇÃO E REPARO DE OUTROS PRODUTOS N.C.P                                                                	872	8729	0	servicos.classes
8731	SERVIÇOS DE INSTALAÇÃO DE PRODUTOS FABRICADO DE METAL,EXCETOA MAQUINARIA E O EQUIPAMENTO                                	873	8731	0	servicos.classes
8732	SERVIÇOS DE INSTALAÇÃO DE MAQUINARIA E DE EQUIPAMENTOS INDUSTRIAIS DE MANFATURA E SERVIÇOS                              	873	8732	0	servicos.classes
8733	SERVIÇOS DE INSTALAÇÃO DE MÁQUINAS DE ESCRITÓRIO DE CONTABI-LIDADE E COMPUTADORES                                       	873	8733	0	servicos.classes
8734	SERVIÇOS DE INSTALAÇÃO DE EQUIPAMENTOS DE RÁDIO,TELEVISÃO E INSTRUMENTOS DE COMUNICAÇÃO                                 	873	8734	0	servicos.classes
8735	SERVIÇOS DE INSTALAÇÃO DA MAQUINARIA E DOS EQUIPAMENTOS MÉDICOS PROFISSIONAIS,E INSTRUMENTOS DE PRECISÃO E ÓTICOS       	873	8735	0	servicos.classes
8736	SERVIÇOS DE INSTALAÇÃO DA MAQUINARIA ELÉTRICA E DOS INSTRU- MENTOS N.C.P                                                	873	8736	0	servicos.classes
8739	SERVIÇOS DE INSTALAÇÃO DE OUTROS BENS N.C.P                                                                             	873	8739	0	servicos.classes
8811	SERVIÇOS DE MANUFATURA DE ALIMENTOS, BEBIDAS E TABACO                                                                   	881	8811	0	servicos.classes
8812	SERVIÇOS DE MANUFATURA DE ARTIGOS TÊXTEIS, PEÇAS DE VESTIR EARTIGOS DE COURO                                            	881	8812	0	servicos.classes
8813	SERVIÇOS DE MANUFATURA DE MADEIRA E DE CORTIÇA, EXCETO MÓVEIS, E DE MANUFATURA DE ARTIGOS DE PALHA E MATERIAL TRANÇÁVEL 	881	8813	0	servicos.classes
8814	SERVIÇO DE MANUFATURA E PRODUÇÃO DE PAPEL                                                                               	881	8814	0	servicos.classes
8816	SERVIÇO DE MANUFATURA DE SUBSTÂNCIAS E PRODUTOS QUÍMICOS                                                                	881	8816	0	servicos.classes
8817	SERVIÇOS DE MANUFATURA DE PRODUTOS LÁTEX, BORRACHA E DE PLÁSTICOS                                                       	881	8817	0	servicos.classes
8818	SERVIÇOS DE MANUFATURA DE PRODUTOS MINERAIS NÃO METÁLICOS                                                               	881	8818	0	servicos.classes
8819	OUTROS SERVIÇOS DE MANUFATURA, EXCETO DE PRODUTOS METÁLICOS,MAQUINARIA E EQUIPAMENTO                                    	881	8819	0	servicos.classes
8821	SERVIÇOS DE FABRICAÇÃO REALIZADOS EM METAIS                                                                             	882	8821	0	servicos.classes
8822	SERVIÇOS DE FABRICAÇÃO DE EQUIPAMENTOS DE TRANSPORTE                                                                    	882	8822	0	servicos.classes
8911	SERVIÇOS DE PUBLICAÇÃO,COMISSIONADO OU POR CONTRATO                                                                     	891	8911	0	servicos.classes
8912	SERVIÇOS DE IMPRESSÃO E DE REPRODUÇÃO POR MEIOS DE GRAVAÇÃO,COMISSIONADO OU POR CONTRATO                                	891	8912	0	servicos.classes
8942	SERVIÇOS DE RECICLAGEM DE RESÍDUOS NÃO METÁLICOS                                                                        	894	8942	0	servicos.classes
9114	SERVIÇOS GERAIS PARA O GOVERNO N.C.P.                                                                                   	911	9114	0	servicos.classes
9231	SERVIÇOS DE EDUCAÇÃO TÉCNICA E PROFISSIONAL PÓS-SECUNDÁRIO                                                              	923	9231	0	servicos.classes
9239	OUTROS SERVIÇOS DE EDUCAÇÃO UNIVERSITÁRIA E SUPERIOR                                                                    	923	9239	0	servicos.classes
9290	OUTROS SERVIÇOS DE EDUCAÇÃO E TREINAMENTO                                                                               	929	9290	0	servicos.classes
9311	SERVIÇOS HOSPITALARES                                                                                                   	931	9311	0	servicos.classes
9312	SERVICOS MEDICOS E ODONTOLOGICOS                                                                                        	931	9312	0	servicos.classes
9319	OUTROS SERVIÇOS DE SAÚDE HUMANA                                                                                         	931	9319	0	servicos.classes
9321	SERVIÇOS DE VETERINÁRIA                                                                                                 	932	9321	0	servicos.classes
9331	SERVIÇOS SOCIAIS                                                                                                        	933	9331	0	servicos.classes
9411	SERVIÇOS DE TRATAMENTO DE ESGOTO                                                                                        	941	9411	0	servicos.classes
9412	SERVIÇOS DE ESVAZIAMENTO E LIMPEZA DE TANQUES/DEPÓSITOS                                                                 	941	9412	0	servicos.classes
9421	SERVIÇOS DE COLETA,TRATAMENTO E ELIMINAÇÃO DE RESÍDUOS NÃO  PERIGOSOS                                                   	942	9421	0	servicos.classes
9422	SERVIÇOS DE COLETA,TRATAMENTO E ELIMINAÇÃO DE RESÍDUOS PERI-GOSOS                                                       	942	9422	0	servicos.classes
9431	SERVIÇOS DE VARREDURA/VARRIDO E DE REMOÇÃO DE NEVE                                                                      	943	9431	0	servicos.classes
9439	OUTROS SERVIÇOS DE SANEAMENTO                                                                                           	943	9439	0	servicos.classes
9490	OUTROS SERVIÇOS DE PROTEÇÃO AMBIENTAL N.C.P                                                                             	949	9490	0	servicos.classes
9511	SERVIÇOS FORNECIDOS POR ORGANIZAÇÕES COMERCIAL, DE EMPREGADO                                                            	951	9511	0	servicos.classes
9599	SERVIÇOS PRESTADOS POR OUTRAS ORGANIZAÇÕES ASSOCIATIVAS                                                                 	959	9599	0	servicos.classes
9611	GRAVAÇÃO DE SOM E SERVIÇOS DE PÓS-PRODUÇÃO DE ÁUDIO                                                                     	961	9611	0	servicos.classes
9612	IMAGEM, VÍDEO, TELEVISÃO E PROGRAMA DE RÁDIO SERVIÇOS DE PRODUÇÃO                                                       	961	9612	0	servicos.classes
9614	SERVIÇOS RELACIONADOS COM A PRODUÇÃO DE FILMES CINEMATOGRÁFICOS, DE TELEVISÃO E PROGRAMAS DE RÁDIO                      	961	9614	0	servicos.classes
9616	SERVIÇOS DE RADIODIFUSÃO - PROGRAMAÇÃO E AGENDAMENTO                                                                    	961	9616	0	servicos.classes
9621	SERVIÇOS DE PROMOÇÃO E APRESENTAÇÃO RELACIONADOS AS ARTES CÊ                                                            	962	9621	0	servicos.classes
9631	SERVIÇOS DE ARTISTAS                                                                                                    	963	9631	0	servicos.classes
9632	SERVICOS DE AUTORES, COMPOSITORES, ESCULTORES E OUTROS ARTISTAS                                                         	963	9632	0	servicos.classes
9641	SERVIÇOS DOS MUSEUS E CONSERVAÇÃO DE LOCAIS E MONUMENTOS HISTÓRICOS                                                     	964	9641	0	servicos.classes
