codigo	descricao	codigo_classe	id	offset	item_filename
54111	SERVIÇOS GERAIS DE CONSTRUÇÃO DOS EDIFÍCIOS DE UMA OU DUAS  MORADIAS                                                    	5411	54111	0	servicos.subclasses
54112	SERVIÇOS GERAIS DE CONSTRUÇÃO DOS EDIFÍCIOS DE TRÊS OU MAIS MORADIAS                                                    	5411	54112	0	servicos.subclasses
54121	SERVIÇOS GERAIS DE CONSTRUÇÃO DOS EDIFÍCIOS INDUSTRIAIS                                                                 	5412	54121	0	servicos.subclasses
54122	SERVIÇOS GERAIS DE CONSTRUÇÃO DOS EDIFÍCIOS COMERCIAIS                                                                  	5412	54122	0	servicos.subclasses
54129	SERVIÇOS GERAIS DE CONSTRUÇÃO DE OUTROS EDIFÍCIOS NÃO RESIDÊNCIAIS                                                      	5412	54129	0	servicos.subclasses
54210	SERVIÇOS GERAIS DE CONSTRUÇÃO DE ESTRADAS(EXCETO ELEVADOS), RUAS,VIAS,ESTRADAS DE FERRO E PISTAS DE ATERRIZAGEM         	5421	54210	0	servicos.subclasses
54220	SERVIÇOS GERAIS DE CONSTRUÇÃO DE PONTES,ELEVADOS,TÚNEIS E   SUBTERRÂNEOS                                                	5422	54220	0	servicos.subclasses
54241	SERVIÇOS GERAIS DE CONSTRUÇÃO DE TUBULAÇÕES DE LONGAS DISTÂNCIAS                                                        	5424	54241	0	servicos.subclasses
54242	SERVIÇOS GERAIS DE CONSTRUÇÃO DE LINHAS DE COMUNICAÇÃO E DE ENERGIA(CABOS) DE LONGA DISTÂNCIA.                          	5424	54242	0	servicos.subclasses
54251	SERVIÇOS GERAIS DE CONSTRUÇÃO DE TUBULAÇÕES URBANAS AFINS                                                               	5425	54251	0	servicos.subclasses
54252	SERVIÇOS GERAIS DE CONSTRUÇÃO PARA CABOS E OBRAS URBANAS AFINS                                                          	5425	54252	0	servicos.subclasses
54260	SERVIÇOS GERAIS DE CONSTRUÇÃO DE MINAS E PLANTAS INDUSTRIAIS                                                            	5426	54260	0	servicos.subclasses
54270	SERVIÇOS GERAIS DE CONSTRUÇÃO DE INSTALAÇÕES AO AR LIVRE    PARA DESPORTOS E LAZER                                      	5427	54270	0	servicos.subclasses
54290	SERVIÇOS GERAIS DE CONSTRUÇÃO DE OUTRAS OBRAS DE ENGENHARIA N.C.P                                                       	5429	54290	0	servicos.subclasses
54320	SERVIÇOS DE PREPARO/ACERTO E DESMATAMENTO DE TERRENO                                                                    	5432	54320	0	servicos.subclasses
54400	MONTAGEM E INSTALAÇÃO DE CONSTRUÇÕES PRÉ-FABRICADAS                                                                     	5440	54400	0	servicos.subclasses
54511	SERVIÇOS DE INSTALAÇÃO DE PILOTIS                                                                                       	5451	54511	0	servicos.subclasses
54512	SERVIÇOS DE CIMENTAÇÃO DE FUNDAÇÃO/ALICERCE                                                                             	5451	54512	0	servicos.subclasses
54521	SERVIÇOS DE ESTRUTURAÇÃO DE EDIFÍCIOS                                                                                   	5452	54521	0	servicos.subclasses
54522	SERVIÇOS DE ESTRUTURAÇÃO DE TELHADOS                                                                                    	5452	54522	0	servicos.subclasses
54530	SERVIÇOS DE TELHADO E IMPERMEABILIZAÇÃO                                                                                 	5453	54530	0	servicos.subclasses
54540	SERVIÇOS DE TRABALHO COM CONCRETO                                                                                       	5454	54540	0	servicos.subclasses
54550	SERVIÇOS DE INSTALAÇÃO DE ESTRUTURAS DE AÇO                                                                             	5455	54550	0	servicos.subclasses
54560	SERVIÇOS DE ALVENARIA                                                                                                   	5456	54560	0	servicos.subclasses
54570	SERVIÇOS DE INSTALAÇÃO DE ANDAIMES                                                                                      	5457	54570	0	servicos.subclasses
54590	OUTROS TIPOS ESPECIAIS DE SERVIÇOS DE CONSTRUÇÃO                                                                        	5459	54590	0	servicos.subclasses
54611	SERVIÇOS DE INSTALAÇÃO DE CABOS E OUTROS DISPOSITIVOS ELÉTRICOS                                                         	5461	54611	0	servicos.subclasses
54612	SERVIÇOS DE INSTALAÇÃO DE ALARME CONTRA INCÊNDIOS                                                                       	5461	54612	0	servicos.subclasses
54613	SERVIÇOS DE INSTALAÇÃO DE SISTEMAS DE ALARME ANTI-ROUBO                                                                 	5461	54613	0	servicos.subclasses
54614	SERVIÇOS DE INSTALAÇÃO DE ANTENAS RESIDÊNCIAIS                                                                          	5461	54614	0	servicos.subclasses
54619	OUTROS SERVIÇOS DE INSTALAÇÃO ELÉTRICA                                                                                  	5461	54619	0	servicos.subclasses
54631	SERVIÇOS DE INSTALAÇÃO DE CALEFAÇÃO/AQUECEDOR                                                                           	5463	54631	0	servicos.subclasses
54632	SERVIÇOS DE INSTALAÇÃO DE VENTILAÇÃO E AR CONDICIONADO                                                                  	5463	54632	0	servicos.subclasses
54640	SERVIÇOS DE INSTALAÇÃO/MONTAGEM DE SISTEMAS DE GÁS                                                                      	5464	54640	0	servicos.subclasses
54650	SERVIÇOS DE ISOLAMENTO                                                                                                  	5465	54650	0	servicos.subclasses
54691	SERVIÇOS DE INSTALAÇÃO DE ELEVADORES, ESCADAS E ESCADAS RO- LANTES                                                      	5469	54691	0	servicos.subclasses
54699	OUTROS SERVIÇOS DE INSTALAÇÃO N.C.P                                                                                     	5469	54699	0	servicos.subclasses
54730	SERVIÇOS DE PINTURA                                                                                                     	5473	54730	0	servicos.subclasses
61221	SERVIÇOS DO COMÉRCIO POR ATACADO PRESTADO POR COMISSÃO OU   POR CONTRATO, DE FRUTAS E LEGUMES                           	6122	61221	0	servicos.subclasses
61222	SERVIÇOS DO COMÉRCIO POR ATACADO PRESTADO POR COMISSÃO OU   POR CONTRATO,DE LATICÍNIOS,OVOS,AZEITES E PASTAS COMESTÍVEIS	6122	61222	0	servicos.subclasses
61223	SERVIÇOS DO COMÉRCIO POR ATACADO PRESTADO POR COMISSÃO OU   POR CONTRATO, DE CARNES, AVES E PRODUTOS DE CAÇA            	6122	61223	0	servicos.subclasses
61224	SERVIÇOS DO COMÉRCIO POR ATACADO PRESTADO POR COMISSÃO OU   POR CONTRATO, DE PRODUTOS DA PESCA E OUTROS PRODUTOS DO MAR 	6122	61224	0	servicos.subclasses
61225	SERVIÇOS DO COMÉRCIO POR ATACADO PRESTADO POR COMISSÃO OU   POR CONTRATO, PRODUTOS DE CONFEITARIA E PADARIA             	6122	61225	0	servicos.subclasses
61226	SERVIÇOS DO COMÉRCIO POR ATACADO PRESTADO POR COMISSÃO OU   POR CONTRATO, DE BEBIDAS                                    	6122	61226	0	servicos.subclasses
61227	SERVIÇOS DO COMÉRCIO POR ATACADO PRESTADO POR COMISSÃO OU   POR CONTRATO, DE CAFÉ, CHÁ, CACAU E ESPECIAIS               	6122	61227	0	servicos.subclasses
61228	SERVIÇOS DO COMÉRCIO POR ATACADO PRESTADO POR COMISSÃO OU   POR CONTRATO, DE PRODUTOS DO TABACO                         	6122	61228	0	servicos.subclasses
61229	SERVIÇOS DO COMÉRCIO POR ATACADO PRESTADO POR COMISSÃO OU   POR CONTRATO, DE PRODUTOS COMESTÍVEIS N.C.P.                	6122	61229	0	servicos.subclasses
61251	SERVIÇOS DO COMÉRCIO POR ATACADO PRESTADO POR COMISSÃO O CONTRATO,DE LIVROS,REVISTAS,PERIÓDICOS E ARTIGOS DE ESCRITÓRIO 	6125	61251	0	servicos.subclasses
61252	SERVIÇOS DO COMÉRCIO POR ATACADO PRESTADO POR COMISSÃO OU   CONTRATO,DE EQUIPAMENTOS FOTOGRÁFICOS,ÓTICOS E DE PRECISÃO  	6125	61252	0	servicos.subclasses
61253	SERVIÇOS DO COMÉRCIO POR ATACADO PRESTADO POR COMISSÃO OU   POR CONTRATO,DE JOGOS E BRINQUEDOS                          	6125	61253	0	servicos.subclasses
61254	SERVIÇOS DO COMÉRCIO POR ATACADO PRESTADO POR COMISSÃO OU   POR CONTRATO,DE RELÓGIOS E JÓIAS                            	6125	61254	0	servicos.subclasses
61255	SERVIÇOS DO COMÉRCIO POR ATACADO PRESTADO POR COMISSÃO OU   CONTRATO,DE ARTIGOS DE ESPORTE(INCLUSIVE BICICLETAS)        	6125	61255	0	servicos.subclasses
61256	SERVIÇOS DO COMÉRCIO POR ATACADO PRESTADO POR COMISSÃO OU   CONTRATO,DE ARTIGOS DE COURO E ACESSÓRIOS PARA VIAGEM       	6125	61256	0	servicos.subclasses
61259	SERVIÇOS DO COMÉRCIO POR ATACADO PRESTADO POR COMISSÃO OU   POR CONTRATO,DE BENS DE CONSUMO DIVERSOS N.C.P              	6125	61259	0	servicos.subclasses
61271	SERVIÇOS DO COMÉRCIO POR ATACADO PRESTADO COMISSÃO/CONTRATO DE PRODUTOS QUÍMICOS INDUSTRIAIS BÁSICOS E RESINAS SINTÉTICA	6127	61271	0	servicos.subclasses
61272	SERVIÇOS DO COMÉRCIO POR ATACADO PRESTADO POR COMISSÃO OU   POR CONTRATO,DE ADUBOS E PRODUTOS AGROQUÍMICOS              	6127	61272	0	servicos.subclasses
61273	SERVIÇOS DO COMÉRCIO POR ATACADO PRESTADO POR COMISSÃO OU   POR CONTRATO,DE PRODUTOS FARMACÊUTICOS E MÉDICOS            	6127	61273	0	servicos.subclasses
61274	SERVIÇOS DO COMÉRCIO POR ATACADO PRESTADO POR COMISSÃO OU CONTRATO,DE INSTRUMENTOS/DISPOSITIVOS CIRÚRGICOS E ORTOPÉDICOS	6127	61274	0	servicos.subclasses
61275	SERVIÇOS DO COMÉRCIO POR ATACADO PRESTADO P/ COMISSÃO/CONTRATO,DE ARTIGOS DE PERFUMARIA, COSMÉTICOS E SABÕES DE TOUCADOR	6127	61275	0	servicos.subclasses
61276	SERVIÇOS DO COMÉRCIO POR ATACADO PRESTADO POR COMISSÃO OU   POR CONTRATO,DE PRODUTOS DE LIMPEZA.                        	6127	61276	0	servicos.subclasses
62421	OUTROS SERVIÇOS DO COMÉRCIO DE VAREJO DE FRUTAS E LEGUMES SEM INTERVENÇÃO DE LOJAS                                      	6242	62421	0	servicos.subclasses
62422	OUTROS SERVIÇOS DO COMÉRCIO DE VAREJO DE PRODUTOS LÁCTEOS, OVOS, AZEITES, E PASTAS COMESTÍVEIS SEM INTERVENÇÃO DE LOJAS 	6242	62422	0	servicos.subclasses
62423	OUTROS SERVIÇOS DO COMÉRCIO DE VAREJO DE CARNE, AVES E PRODUTOS DE CAÇA SEM INTERVENÇÃO DE LOJAS                        	6242	62423	0	servicos.subclasses
62424	OUTROS SERVIÇOS DO COMÉRCIO DE VAREJO DE PRODUTOS DA PESCA EOUTROS PRODUTOS DO MAR SEM INTERVENÇÃO DE LOJAS             	6242	62424	0	servicos.subclasses
62425	OUTROS SERVIÇOS DO COMÉRCIO DE VAREJO DE PRODUTOS DE CONFEITARIA E PADARIA SEM INTERVENÇÃO DE LOJAS                     	6242	62425	0	servicos.subclasses
62426	OUTROS SERVIÇOS DO COMÉRCIO DE VAREJO DE BEBIDAS SEM INTERVENÇÃO DE LOJAS                                               	6242	62426	0	servicos.subclasses
62427	OUTROS SERVIÇOS DO COMÉRCIO DE VAREJO DE CAFÉ, CHÁ, CACAU E ESPECIAIS SEM INTERVENÇÃO DE LOJAS                          	6242	62427	0	servicos.subclasses
62428	OUTROS SERVIÇOS DO COMÉRCIO DE VAREJO DE PRODUTOS DO TABACO SEM INTERVENÇÃO DE LOJAS                                    	6242	62428	0	servicos.subclasses
62429	OUTROS SERVIÇOS DO COMÉRCIO DE VAREJO DE PRODUTOS COMESTÍVEIS N.C.P. SEM INTERVENÇÃO DE LOJAS                           	6242	62429	0	servicos.subclasses
63110	SERVIÇOS DE ALOJAMENTO EM HOTEIS E MOTEIS                                                                               	6311	63110	0	servicos.subclasses
63191	SERVIÇOS DE CENTRO DE LAZER E LOCAIS DE VERANEIO/FÉRIAS                                                                 	6319	63191	0	servicos.subclasses
63192	SERVIÇOS DE ARRENDAMENTO DE ALOJAMENTOS MOBILIADOS                                                                      	6319	63192	0	servicos.subclasses
63193	SERVIÇOS DE ALBERGUES JUVENIS/ALBUERGUES DA JUVENTUDE                                                                   	6319	63193	0	servicos.subclasses
63194	SERVIÇOS DE CENTROS/CAMPOS DE TREINAMENTO E LAZER PARACRI-  ANÇAS                                                       	6319	63194	0	servicos.subclasses
63195	SERVIÇOS DE CAMPING E ACAMPAMENTO PARA TRAILLERS/REBOQUES                                                               	6319	63195	0	servicos.subclasses
63199	OUTROS SERVIÇOS DE ALOJAMENTO N.C.P                                                                                     	6319	63199	0	servicos.subclasses
63210	SERVIÇOS DE FORNECIMENTO DE REFEIÇÃO COM SERVIÇO COMPLETO DERESTAURANTE                                                 	6321	63210	0	servicos.subclasses
63220	SERVIÇOS DE FORNECIMENTO DE REFEIÇÕES EM ESTABELECIMENTO DE AUTOSERVIÇO/SELF-SERVICE                                    	6322	63220	0	servicos.subclasses
63230	SERVIÇOS DE FORNECEDOR, FORNECENDO REFEIÇÕES POR ENCOMENDA  EXTERNAMENTE                                                	6323	63230	0	servicos.subclasses
63290	OUTROS SERVIÇOS DE FORNECIMENTO DE COMIDA                                                                               	6329	63290	0	servicos.subclasses
64100	SERVIÇOS DE TRANSPORTE TERRESTRE DE COMBINADAS MODALIDADES                                                              	6410	64100	0	servicos.subclasses
64211	SERVIÇOS DE TRANSPORTE FERROVIÁRIO INTERURBANO/INTERESTADUALDE PASSAGEIROS                                              	6421	64211	0	servicos.subclasses
64212	SERVIÇOS DE TRANSPORTE FERROVIÁRIO URBANO E SUBURBANO DE PASSAGEIROS                                                    	6421	64212	0	servicos.subclasses
64221	SERVIÇOS DE TRANSPORTE FERROVIÁRIO DE CARGA POR VAGÃO REFRI-GERADO                                                      	6422	64221	0	servicos.subclasses
64222	SERVIÇOS DE TRANSPORTE FERROVIÁRIO DE CARGA POR VAGÃO TANQUE                                                            	6422	64222	0	servicos.subclasses
64223	SERVIÇOS DE TRANSPORTE FERROVIÁRIO DE CARGA EM CONTAINERS EMVAGÕES PLANO                                                	6422	64223	0	servicos.subclasses
64224	SERVIÇOS DE TRANSPORTE FERROVIÁRIO DE CARTAS E PACOTES                                                                  	6422	64224	0	servicos.subclasses
64225	OUTROS SERVIÇOS DE TRANSPORTE FERROVIÁRIO DE CARGA                                                                      	6422	64225	0	servicos.subclasses
64229	OUTROS SERVIÇOS DE TRANSPORTE FERROVIÁRIO DE CARGA                                                                      	6422	64229	0	servicos.subclasses
64230	SERVIÇOS FERROVIÁRIOS DE TRAÇÃO OU REBOQUE                                                                              	6423	64230	0	servicos.subclasses
64311	SERVIÇOS REGULAR/PROGRAMADO DE TRANSPORTE RODOVIÁRIO URBANO E SUBURBANO DE PASSAGEIROS                                  	6431	64311	0	servicos.subclasses
64312	SERVIÇOS REGULAR/PROGRAMADO DE TRANSPORTE RODOVIÁRIO URBANO E SUBURBANO COM PROPÓSITO ESPECIAL DE PASSAGEIROS           	6431	64312	0	servicos.subclasses
64313	SERVIÇOS REGULAR/PROGRAMADO DE TRANSPORTE RODOVIÁRIO INTERURBANO DE PASSAGEIROS                                         	6431	64313	0	servicos.subclasses
64314	SERVIÇOS REGULAR/PROGRAMADO DE TRANSPORTE RODOVIÁRIO INTERURBANO COM PROPÓSITO ESPECIAL DE PASSAGEIROS                  	6431	64314	0	servicos.subclasses
64319	SERVIÇOS REGULAR/PROGRAMADO DE TRANSPORTE RODOVIÁRIO DE PAS-SAGEIROS N.C.P                                              	6431	64319	0	servicos.subclasses
64321	SERVIÇOS DE TÁXI                                                                                                        	6432	64321	0	servicos.subclasses
64322	SERVIÇOS DE ALUGUEL DE CARROS DE PASSAGEIROS COM MOTORISTA                                                              	6432	64322	0	servicos.subclasses
64323	SERVIÇOS DE ALUGUEL DE ÔNIBUS E ÔNIBUS DE TURISMO COM OPERA-DOR                                                         	6432	64323	0	servicos.subclasses
64324	SERVIÇOS DE TRANSPORTE RODOVIÁRIO DE PASSAGEIROS POR VEÍCULODE TRAÇÃO ANIMAL OU HUMANA                                  	6432	64324	0	servicos.subclasses
64329	OUTROS SERVIÇOS DE TRANSPORTE RODOVIÁRIO DE PASSAGEIROS NÃO PROGRAMADO N.C.P                                            	6432	64329	0	servicos.subclasses
64331	SERVIÇOS DE TRANSPORTE RODOVIÁRIO DE CARGA POR VEÍCULOS RE- FRIGERADOS                                                  	6433	64331	0	servicos.subclasses
64332	SERVIÇOS DE TRANSPORTE RODOVIÁRIO DE CARGA POR CAMINHÕES TANQUE OU POR TANQUES SEMI-TRAILERS                            	6433	64332	0	servicos.subclasses
64333	SERVIÇOS DE TRANSPORTE RODOVIÁRIO DE CONTAINERS DE CARGA EM CAMINHÕES COM CHASSIS/PLATAFORMA PARA CONTAINERS            	6433	64333	0	servicos.subclasses
64334	SERVIÇOS DE TRANSPORTE RODOVIÁRIO DE CARGA POR VEÍCULOS DE  TRAÇÃO ANIMAL OU HUMANA                                     	6433	64334	0	servicos.subclasses
64335	SERVIÇOS DE TRANSPORTE RODOVIÁRIO DE MOBILIÁRIO DOMÉSTICO E DE ESCRITÓRIO E DE OUTROS BENS                              	6433	64335	0	servicos.subclasses
64336	SERVIÇOS DE TRANSPORTE RODOVIÁRIO DE CARTAS E DE PACOTES                                                                	6433	64336	0	servicos.subclasses
64339	OUTROS SERVIÇOS DE TRANSPORTE RODOVIÁRIO DE CARGA                                                                       	6433	64339	0	servicos.subclasses
64340	SERVIÇOS DE ENTREGAS LOCAIS/URBANAS VARIADAS                                                                            	6434	64340	0	servicos.subclasses
64350	SERVIÇOS DE ALUGUEL DE CAMINHÕES COM OPERADOR/MOTORISTA                                                                 	6435	64350	0	servicos.subclasses
64410	SERVIÇOS DE TRANSPORTE VIA TUBULAÇÃO DE PRETRÓLEO E GÁS NATURAL                                                         	6441	64410	0	servicos.subclasses
64490	SERVIÇOS DE TRANSPORTE VIA TUBULAÇÃO DE OUTROS PRODUTOS/BENS                                                            	6449	64490	0	servicos.subclasses
65122	SERVIÇOS DE TRANSPORTE MARÍTIMO/COSTEIRO E TRANSOCEÂNICO DE CARGA LÍQUIDA A GRANEL EM NAVIOS TANQUES                    	6512	65122	0	servicos.subclasses
65222	SERVIÇOS DE TRANSPORTE FLUVIAL/INTERIOR DE CARGA EM NAVIOS TANQUES                                                      	6522	65222	0	servicos.subclasses
67400	SERVIÇOS DE SUPORTE PARA TRANSPORTE FERROVIÁRIO                                                                         	6740	67400	0	servicos.subclasses
67620	SERVIÇOS DE PRATICAGEM E ATRACAÇÃO                                                                                      	6762	67620	0	servicos.subclasses
67790	OUTROS SUPORTES E SERVIÇOS PARA O TRANSPORTE AÉREO OU ESPACIAL                                                          	6779	67790	0	servicos.subclasses
67811	SERVIÇOS DE AGÊNCIA DE VIAGENS                                                                                          	6781	67811	0	servicos.subclasses
67910	SERVIÇOS DE AGENCIAMENTO DE TRANSPORTE DE CARGA E OUTROS SERVIÇOS AUXILIARES DE TRANSPORTE                              	6791	67910	0	servicos.subclasses
67990	OUTROS SERVIÇOS AUXILIARES DE TRANSPORTE N.C.P                                                                          	6799	67990	0	servicos.subclasses
69111	TRANSMISSÃO DE ELETRICIDADE                                                                                             	6911	69111	0	servicos.subclasses
69112	DISTRIBUIÇÃO DE ELETRICIDADE                                                                                            	6911	69112	0	servicos.subclasses
69120	SERVIÇOS DE DISTRIBUIÇÃO DE GÁS ATRAVÉS DE TUBULAÇÃO                                                                    	6912	69120	0	servicos.subclasses
69210	SERVIÇOS DE DISTRIBUIÇÃO DE ÁGUA ATRAVÉS DE TUBULAÇÃO,EXCETOVAPOR E ÁGUA QUENTE                                         	6921	69210	0	servicos.subclasses
69220	SERVIÇOS DE DISTRIBUIÇÃO DE VAPOR E ÁGUA QUENTE ATRAVÉS DE  TUBULAÇÃO                                                   	6922	69220	0	servicos.subclasses
71100	SERVIÇOS DE INTERMEDIAÇÃO FINANCEIRA,EXCETO SERVIÇO BANCÁRIODE INVESTIMENTO,SERVIÇOS DE SEGUROS E DE PENSÕES            	7110	71100	0	servicos.subclasses
71200	SERVIÇOS BANCÁRIO DE INVESTIMENTO                                                                                       	7120	71200	0	servicos.subclasses
71311	SERVIÇOS DE SEGUROS DE VIDA E DE PENSÕES INDIVIDUAIS                                                                    	7131	71311	0	servicos.subclasses
71312	SERVIÇOS DE PENSÕES DE GRUPO/COLETIVO                                                                                   	7131	71312	0	servicos.subclasses
71320	SERVIÇOS DE SEGUROS DE ACIDENTES E DE SAÚDE                                                                             	7132	71320	0	servicos.subclasses
71331	SERVIÇOS DE SEGUROS DE VEÍCULOS À MOTOR                                                                                 	7133	71331	0	servicos.subclasses
71332	SERVIÇOS DE SEGUROS DE TRANSPORTE MARÍTIMO,TRANSPORTE AÉREO E OUTROS TIPOS DE TRANSPORTE                                	7133	71332	0	servicos.subclasses
71333	SERVIÇOS DE SEGUROS DE FRETE                                                                                            	7133	71333	0	servicos.subclasses
71334	OUTROS SERVIÇOS DE SEGUROS DA PROPRIEDADE/BENS INDIVIDUAIS                                                              	7133	71334	0	servicos.subclasses
71335	SERVIÇOS DE SEGUROS GERAIS DE RESPONSABILIDADE CIVIL                                                                    	7133	71335	0	servicos.subclasses
71336	SERVIÇOS DE SEGUROS DE CRÉDITOS E FIANÇAS                                                                               	7133	71336	0	servicos.subclasses
71339	OUTROS SERVIÇOS DE SEGUROS DISTINTOS DOS SEGUROS DE VIDA                                                                	7133	71339	0	servicos.subclasses
71531	SERVIÇOS DE ADMINISTRAÇÃO DE CARTEIRAS                                                                                  	7153	71531	0	servicos.subclasses
71532	SERVIÇOS FIDUCIÁRIO(GARANTIA DE CONFIANÇA)                                                                              	7153	71532	0	servicos.subclasses
71533	SERVIÇOS DE CUSTÓDIA                                                                                                    	7153	71533	0	servicos.subclasses
71541	SERVIÇO DE EXPLORAÇÃO DE MERCADOS FINANCEIROS                                                                           	7154	71541	0	servicos.subclasses
72111	SERVIÇOS DE ARRENDAMENTO OU LEASING RELATIVOS A BENS REAIS  RESIDÊNCIAIS PRÓPRIOS OU ARRENDADOS                         	7211	72111	0	servicos.subclasses
72112	SERVIÇOS DE ARRENDAMENTO OU LEASING RELATIVOS A BENS REAIS  NÃO RESIDÊNCIAIS PRÓPRIOS OU ARRENDADOS                     	7211	72112	0	servicos.subclasses
72121	SERVIÇOS COMERCIAIS ASSOCIADOS COM EDIFÍCIOS RESIDENCIAIS E TERRRENOS CONEXOS                                           	7212	72121	0	servicos.subclasses
72122	SERVIÇOS COMERCIAIS ASSOCIADOS COM EDIFÍCIOS NÃO RESIDENCIASE TERRENOS                                                  	7212	72122	0	servicos.subclasses
72130	SERVIÇOS COMERCIAIS ASSOCIADOS COM TERRENOS DESOCUPADOS E   SUBDIVIDIDOS                                                	7213	72130	0	servicos.subclasses
72211	SERVIÇOS DE ADMINISTRAÇÃO DE PROPRIEDADES RESIDENCIAIS COMISSIONADOS OU POR CONTRATO                                    	7221	72211	0	servicos.subclasses
72212	SERVIÇOS DE ADMINISTRAÇÃO DE PROPRIEDADES NÃO RESIDENCIAIS  COMISSIONADOS OU POR CONTRATO                               	7221	72212	0	servicos.subclasses
72221	VENDA DE EDIFÍCIOS RESIDENCIAIS E TERRENOS CONEXOS COMISSIO-NADOS OU POR CONTRATO                                       	7222	72221	0	servicos.subclasses
72222	VENDA DE EDIFÍCIOS NÃO RESIDENCIAIS E TERRENOS CONEXOS COMISSIONADOS OU POR CONTRATO                                    	7222	72222	0	servicos.subclasses
72230	VENDA DE TERRENOS COMISSIONADOS OU POR CONTRATO                                                                         	7223	72230	0	servicos.subclasses
72240	SERVIÇOS DE AVALIAÇÃO DE PROPRIEDADES COMISSIONADOS OU POR  CONTRATO                                                    	7224	72240	0	servicos.subclasses
73111	SERVIÇOS DE LEASING OU ALUGUEL DE AUTOMÓVEIS PARTICULARES E CAMINHONETES SEM OPERADOR                                   	7311	73111	0	servicos.subclasses
73112	SERVIÇOS DE LEASING OU ALUGUEL DE VEÍCULOS A MOTOR PARA O   TRANSPORTE DE MERCADORIAS SEM OPERADOR                      	7311	73112	0	servicos.subclasses
73113	SERVIÇOS DE LEASING OU ALUGUEL DE VEÍCULOS FERROVIÁRIOS SEM OPERADOR                                                    	7311	73113	0	servicos.subclasses
73114	SERVIÇOS DE LEASING OU ALUGUEL DE OUTROS TIPOS DE TRANSPORTETERRESTRE SEM OPERADOR                                      	7311	73114	0	servicos.subclasses
73115	SERVIÇOS DE LEASING OU ALUGUEL DE EMBARCAÇÕES/NAVIOS SEM OPERADOR/TRIPULAÇÃO                                            	7311	73115	0	servicos.subclasses
73116	SERVIÇOS DE LEASING OU ALUGUEL DE AERONAVES/AVIÕES SEM OPERADOR/TRIPULAÇÃO                                              	7311	73116	0	servicos.subclasses
73117	SERVIÇOS DE LEASING OU ALUGUEL DE CONTAINERS/RECIPIENTES                                                                	7311	73117	0	servicos.subclasses
73210	SERVIÇOS DE LEASING OU ALUGUEL DE TELEVISORES, RADIOS, GRAVADORES DE VÍDEO E EQUIPAMENTOS E ACESSÓRIOS CORRELATOS       	7321	73210	0	servicos.subclasses
73220	SERVIÇOS DE LEASING OU ALUGUEL DE FITAS DE VÍDEO                                                                        	7322	73220	0	servicos.subclasses
73230	SERVIÇOS DE LEASING OU ALUGUEL DE MÓVEIS E OUTROS UTENSÍLIOSE APARELHOS DOMÉSTICOS                                      	7323	73230	0	servicos.subclasses
73240	SERVIÇOS DE LEASING OU ALUGUEL DE EQUIPAMENTOS DE RECREAÇÃO E RELAXAMENTO.                                              	7324	73240	0	servicos.subclasses
73250	SERVIÇOS DE LEASING OU ALUGUEL DE ROUPA BRANCA PARA O LAR                                                               	7325	73250	0	servicos.subclasses
73260	SERVIÇOS DE LEASING OU ALUGUEL DE TÊXTEIS, ROUPAS E CALÇADOS                                                            	7326	73260	0	servicos.subclasses
73270	SERVIÇOS DE LEASING OU ALUGUEL DE MAQUINARIA E EQUIPAMENTOS DE ARTESANATO                                               	7327	73270	0	servicos.subclasses
73290	SERVIÇOS DE LEASING OU ALUGUEL DE OUTROS BENS N.C.P.                                                                    	7329	73290	0	servicos.subclasses
73310	SERVIÇOS DE LICENÇA PELO DIREITO DE USO DE SOFTWARE                                                                     	7331	73310	0	servicos.subclasses
83111	SERVIÇOS DE CONSULTORIA EM GERÊNCIA/GESTÃO EM GERAL                                                                     	8311	83111	0	servicos.subclasses
83112	SERVIÇOS DE CONSULTORIA EM GERÊNCIA/GESTÃO FINANCIAL                                                                    	8311	83112	0	servicos.subclasses
83113	SERVIÇOS DE CONSULTORIA EM GERÊNCIA/GESTÃO DE RECURSOS HUMA-NOS                                                         	8311	83113	0	servicos.subclasses
83114	SERVIÇOS DE CONSULTORIA EM GERÊNCIA/GESTÃO EM MARKETING/CO- MERCIALIZAÇÃO                                               	8311	83114	0	servicos.subclasses
83115	SERVIÇOS DE CONSULTORIA EM GERÊNCIA/GESTÃO DA PRODUÇÃO                                                                  	8311	83115	0	servicos.subclasses
83119	OUTROS SERVIÇOS DE CONSULTORIA EM GERÊNCIA/GESTÃO                                                                       	8311	83119	0	servicos.subclasses
83121	SERVIÇOS DE RELAÇÕES PÚBLICAS                                                                                           	8312	83121	0	servicos.subclasses
83129	OUTR0S SERVIÇOS DE CONSULTORIA PRESTADO ÀS EMPRESAS                                                                     	8312	83129	0	servicos.subclasses
83131	SERVIÇOS DE CONSULTORIA DO MEIO AMBIENTE                                                                                	8313	83131	0	servicos.subclasses
83139	OUTROS SERVIÇOS DE CONSULTORIA CIENTÍFICA E TÉCNICA N.C.P                                                               	8313	83139	0	servicos.subclasses
83141	SERVIÇOS DE CONSULTORIA EM EQUIPAMENTOS DE INFORMÁTICA E SISTEMAS INTEGRADOS / HARDWARE                                 	8314	83141	0	servicos.subclasses
83142	SERVIÇOS DE CONSULTORIA EM PROGRAMAS DE INFORMÁTICA / SOFT- WARE                                                        	8314	83142	0	servicos.subclasses
83149	OUTROS SERVIÇOS DE CONSULTORIA EM INFORMÁTICA                                                                           	8314	83149	0	servicos.subclasses
83150	SERVIÇOS DE GERÊNCIA/GESTÃO EM INSTALAÇÕES DE INFORMÁTICA                                                               	8315	83150	0	servicos.subclasses
83160	SERVIÇOS DE MANUTENÇÃO DE SISTEMAS                                                                                      	8316	83160	0	servicos.subclasses
83190	OUTROS SERVIÇOS DE GERÊNCIA/GESTÃO, EXCETO OS DE PROJETOS DECONSTRUÇÃO                                                  	8319	83190	0	servicos.subclasses
83211	SERVIÇOS DE ARQUITETURA DE ASSESSORAMENTO E PRÉ-DESENHO/PRÉ-PROJETO                                                     	8321	83211	0	servicos.subclasses
83212	SERVIÇOS DE ARQUITETURA DE PRPOJETOS E ADMINISTRAÇÃO DE CON-TRATOS                                                      	8321	83212	0	servicos.subclasses
83213	OUTROS SERVIÇOS DE ARQUITETURA                                                                                          	8321	83213	0	servicos.subclasses
83221	SERVIÇOS DE PLANEJAMENTO URBANO                                                                                         	8322	83221	0	servicos.subclasses
83222	SERVIÇOS DE PAISAGISMO ARQUITETÔNICO                                                                                    	8322	83222	0	servicos.subclasses
83311	SERVIÇOS INTEGRADOS DE ENGENHARIA PARA EDIFÍCIOS                                                                        	8331	83311	0	servicos.subclasses
83312	SERVIÇOS INTEGRADOS DE ENGENHARIA PARA OBRAS DE ENGENHARIA  CIVIL                                                       	8331	83312	0	servicos.subclasses
83313	SERVIÇOS INTEGRADOS DE ENGENHARIA PARA PLANTAS E PROCESSOS  INDUSTRIAIS                                                 	8331	83313	0	servicos.subclasses
83319	SERVIÇOS INTEGRADOS DE ENGENHARIA PARA OUTROS PROJETOS                                                                  	8331	83319	0	servicos.subclasses
83321	SERVIÇOS DE GERÊNCIA/GESTÃO DE PROJETOS RELACIONADOS COM A  CONSTRUÇÃO DE EDIFÍCIOS                                     	8332	83321	0	servicos.subclasses
83322	SERVIÇOS DE GERÊNCIA/GESTÃO DE PROJETOS RELACIONADOS COM A  CONSTRUÇÃO DE OBRAS DE ENGENHARIA CIVIL                     	8332	83322	0	servicos.subclasses
83323	SERVIÇOS DE GERÊNCIA/GESTÃO DE PROJETOS RELACIONADOS COM A  CONSTRUÇÃO DE PLANTAS E PROCESSOS INDUSTRIAIS               	8332	83323	0	servicos.subclasses
83324	SERVIÇOS DE GERÊNCIA/GESTÃO DE PROJETOS RELACIONADOS COM A  CONSTRUÇÃO DE OUTROS PROJETOS                               	8332	83324	0	servicos.subclasses
83331	SERVIÇOS DE ENGENHARIA DE ASSESSORAMENTO/CONSULTIVO E PRÉ-DESENHO/PRÉ-PROJETO PARA EDIFÍCIOS                            	8333	83331	0	servicos.subclasses
83332	SERVIÇOS DE ENGENHARIA DE ASSESSORAMENTO/CONSULTIVO E PRÉ-DESENHO/PRÉ-PROJETO PARA OBRAS DE ENGENHARIA CIVIL            	8333	83332	0	servicos.subclasses
83333	SERVIÇOS DE ENGENHARIA DE ASSESSORAMENTO/CONSULTIVO E PRÉ-DESENHO/PRÉ-PROJETO PARA PLANTAS E PROCESSOS INDUSTRIAIS      	8333	83333	0	servicos.subclasses
83339	SERVIÇOS DE ENGENHARIA DE ASSESSORAMENTO/CONSULTIVO E PRÉ-DESENHO/PRÉ-PROJETO PARA OUTROS PROJETOS                      	8333	83339	0	servicos.subclasses
83341	SERVIÇOS DE DESENHO/PROJETO DE ENGENHARIA PARA EDIFÍCIOS                                                                	8334	83341	0	servicos.subclasses
83342	SERVIÇOS DE DESENHO/PROJETO DE ENGENHARIA PARA OBRAS DE ENGENHARIA CIVIL                                                	8334	83342	0	servicos.subclasses
83343	SERVIÇOS DE DESENHO/PROJETO DE ENGENHARIA PARA PLANTAS E PROCESSOS INDUSTRIAIS                                          	8334	83343	0	servicos.subclasses
83349	SERVIÇOS DE DESENHO/PROJETO DE ENGENHARIA PARA OUTROS PROJE-TOS                                                         	8334	83349	0	servicos.subclasses
83351	SERVIÇOS DE ENGENHARIA DURANTE A FASE DE CONSTRUÇÃO E DE INSTALAÇÃO DE EDIFÍCIOS                                        	8335	83351	0	servicos.subclasses
83352	SERVIÇOS DE ENGENHARIA DURANTE A FASE DE CONSTRUÇÃO E DE INSTALAÇÃO DE OBRAS DE ENGENHARIA CIVIL                        	8335	83352	0	servicos.subclasses
83353	SERVIÇOS DE ENGENHARIA DURANTE A FASE DE CONSTRUÇÃO E DE INSTALAÇÃO DE PLANTAS E PROCESSOS INDUSTRIAIS                  	8335	83353	0	servicos.subclasses
83359	SERVIÇOS DE ENGENHARIA DURANTE A FASE DE CONSTRUÇÃO E DE INSTALAÇÃO DE OUTROS PROJETOS                                  	8335	83359	0	servicos.subclasses
83391	OUTROS SERVIÇOS DE ENGENHARIA PARA EDIFÍCIOS                                                                            	8339	83391	0	servicos.subclasses
83392	OUTROS SERVIÇOS DE ENGENHARIA PARA OBRAS DE ENGENHARIA CIVIL                                                            	8339	83392	0	servicos.subclasses
83393	OUTROS SERVIÇOS DE ENGENHARIA PARA PLANTAS E PROCESSOS INDUSTRIAIS                                                      	8339	83393	0	servicos.subclasses
83399	OUTROS SERVIÇOS DE ENGENHARIA PARA OUTROS PROJETOS                                                                      	8339	83399	0	servicos.subclasses
83561	SERVIÇOS DE ENSAIO E ANÁLISES DE COMPOSIÇÃO E PUREZA                                                                    	8356	83561	0	servicos.subclasses
83562	SERVIÇOS DE ENSAIO E ANÁLISES DE PROPRIEDADES FÍSICAS                                                                   	8356	83562	0	servicos.subclasses
83563	SERVIÇOS DE ENSAIO E ANÁLISES DE SISTEMAS MECÂNICOS E ELÉTRICOS INTEGRADOS                                              	8356	83563	0	servicos.subclasses
83564	SERVIÇOS DE INSPEÇÃO TÉCNICA DE VEÍCULOS DE TRANSPORTE POR  ESTRADAS                                                    	8356	83564	0	servicos.subclasses
83569	OUTROS SERVIÇOS DE ENSAIO E ANÁLISES TÉCNICAS                                                                           	8356	83569	0	servicos.subclasses
83700	SERVIÇOS DE PESQUISA DE MERCADO E DE OPINIÃO PÚBLICA(ENQUETE)                                                           	8370	83700	0	servicos.subclasses
83910	SERVIÇOS DE TRADUÇÃO E INTERPRETAÇÃO                                                                                    	8391	83910	0	servicos.subclasses
83990	TODOS OS OUTROS SERVIÇOS DE NEGÓCIOS TÉCNICOS E PROFISSIONAIS                                                           	8399	83990	0	servicos.subclasses
84110	SERVIÇOS DE TELECOMUNICAÇÕES POR FIO/CABO                                                                               	8411	84110	0	servicos.subclasses
84120	SERVIÇOS DE TELECOMUNICAÇÕES SEM FIOS                                                                                   	8412	84120	0	servicos.subclasses
84130	SERVIÇOS DE TELECOMUNICAÇÕES POR SATÉLITE                                                                               	8413	84130	0	servicos.subclasses
84410	SERVIÇOS DE AGÊNCIAS DE NOTÍCIAS/IMPRENSA AOS JORNAIS E AOS PERIÓDICOS                                                  	8441	84410	0	servicos.subclasses
84420	SERVIÇOS DE AGÊNCIAS DE NOTÍCIAS/IMPRENSA AOS MEIOS AUDIOVI-SUAIS                                                       	8442	84420	0	servicos.subclasses
85230	SERVIÇO DE MONITORAÇÃO DE ALARME                                                                                        	8523	85230	0	servicos.subclasses
85250	SERVIÇOS DE PROTEÇÃO                                                                                                    	8525	85250	0	servicos.subclasses
85290	OUTROS SERVIÇOS DE SEGURANÇA N.C.P                                                                                      	8529	85290	0	servicos.subclasses
85310	SERVIÇO DE DESINFECÇÃO E EXTERMINAÇÃO                                                                                   	8531	85310	0	servicos.subclasses
85320	SERVIÇOS DE LIMPEZA DE JANELA                                                                                           	8532	85320	0	servicos.subclasses
85330	SERVIÇOS GERAIS DE LIMPEZA                                                                                              	8533	85330	0	servicos.subclasses
85340	SERVIÇO ESPECIALIZADO DE LIMPEZA                                                                                        	8534	85340	0	servicos.subclasses
85930	SERVIÇOS DE SUPORTE DE CHAMADAS TELEFÔNICAS                                                                             	8593	85930	0	servicos.subclasses
85940	SERVIÇOS DE CÓPIAS                                                                                                      	8594	85940	0	servicos.subclasses
85960	SERVIÇOS DE PROCESSAMENTO DE DADOS                                                                                      	8596	85960	0	servicos.subclasses
85970	SERVIÇOS DE ORGANIZAÇÃO DE FEIRAS DE COMÉRCIO E EXPOSIÇÕES                                                              	8597	85970	0	servicos.subclasses
85990	OUTROS SERVIÇOS DE SUPORTE N.C.P                                                                                        	8599	85990	0	servicos.subclasses
86110	SERVIÇOS RELATIVOS À PRODUÇÃO                                                                                           	8611	86110	0	servicos.subclasses
87130	SERVIÇOS DE MANUTENÇÃO,REPARO E ATENÇÃO AO EQUIPAMENTO DE INFORMÁTICA                                                   	8713	87130	0	servicos.subclasses
87141	SERVIÇOS DE MANUTENÇÃO E REPARO DE VEÍCULOS A MOTOR                                                                     	8714	87141	0	servicos.subclasses
87142	SERVIÇOS DE MANUTENÇÃO E REPARO DE MOTOCICLETAS E VEÍCULOS  PARA NEVE                                                   	8714	87142	0	servicos.subclasses
87143	SERVIÇOS DE MANUTENÇÃO E REPARO DE REBOQUE/TRAILERS,SEMI-REBOQUE/SEMI-TRAILERS E OUTROS VEÍCULOS A MOTOR N.E.C          	8714	87143	0	servicos.subclasses
87149	SERVIÇOS DE MANUTENÇÃO E REPARO DE OUTROS EQUIPAMENTOS DE   TRANSPORTE                                                  	8714	87149	0	servicos.subclasses
87151	SERVIÇOS DE REPARO DE APARELHOS ELÉTRICOS DE USO DOMÉSTICO                                                              	8715	87151	0	servicos.subclasses
87152	SERVIÇOS DE REPARO DE MÁQUINAS E APARELHOS DE USO DOMÉSTICO N.C.P                                                       	8715	87152	0	servicos.subclasses
87153	SERVIÇOS DE REPARO DE EQUIPAMENTOS E APARELHOS DE TELECOMUNICAÇÃO                                                       	8715	87153	0	servicos.subclasses
87154	SERVIÇOS DE REPARO DE INSTRUMENTOS MÉDICOS,DE PRECISÃO E ÓTICOS                                                         	8715	87154	0	servicos.subclasses
87159	SERVIÇOS DE MANUTENÇÃO E REPARO DE MAQUINARIA E EQUIPAMENTOSN.C.P                                                       	8715	87159	0	servicos.subclasses
87240	SERVIÇOS DE REPARO DE MOBILIÁRIO                                                                                        	8724	87240	0	servicos.subclasses
87290	SERVIÇOS DE MANUTENÇÃO E REPARO DE OUTROS PRODUTOS N.C.P                                                                	8729	87290	0	servicos.subclasses
87330	SERVIÇOS DE INSTALAÇÃO DE MÁQUINAS DE ESCRITÓRIO DE CONTABI-LIDADE E COMPUTADORES                                       	8733	87330	0	servicos.subclasses
87390	SERVIÇOS DE INSTALAÇÃO DE OUTROS BENS N.C.P                                                                             	8739	87390	0	servicos.subclasses
88121	SERVIÇOS DE MANUFATURA DE ARTIGOS TÊXTEIS                                                                               	8812	88121	0	servicos.subclasses
88122	SERVIÇOS DE MANUFATURA DE PEÇAS DE VESTIR                                                                               	8812	88122	0	servicos.subclasses
88123	SERVIÇOS DE MANUFATURA DE ARTIGOS DE COURO                                                                              	8812	88123	0	servicos.subclasses
88130	SERVIÇOS DE MANUFATURA DE MADEIRA E DE CORTIÇA, EXCETO MÓVEIS, E DE MANUFATURA DE ARTIGOS DE PALHA E MATERIAL TRANÇÁVEL 	8813	88130	0	servicos.subclasses
88140	SERVIÇO DE MANUFATURA E PRODUÇÃO DE PAPEL                                                                               	8814	88140	0	servicos.subclasses
89110	SERVIÇOS DE PUBLICAÇÃO,COMISSIONADO OU POR CONTRATO                                                                     	8911	89110	0	servicos.subclasses
89121	SERVIÇOS DE IMPRESSÃO E SERVIÇOS RELACIONADOS A IMPRESSÃO,COMISSIONADOS OU POR CONTRATO                                 	8912	89121	0	servicos.subclasses
89122	SERVIÇOS DE REPRODUÇÃO POR MEIOS DE GRAVAÇÃO,COMISSIONADO OUPOR CONTRATO                                                	8912	89122	0	servicos.subclasses
89420	SERVIÇOS DE RECICLAGEM DE RESÍDUOS NÃO METÁLICOS                                                                        	8942	89420	0	servicos.subclasses
91149	OUTROS SERVIÇOS GERAIS PARA O GOVERNO N.E.C.                                                                            	9114	91149	0	servicos.subclasses
92390	OUTROS SERVIÇOS DE EDUCAÇÃO UNIVERSITÁRIA E SUPERIOR                                                                    	9239	92390	0	servicos.subclasses
92900	OUTROS SERVIÇOS DE EDUCAÇÃO E TREINAMENTO                                                                               	9290	92900	0	servicos.subclasses
93110	SERVIÇOS HOSPITALARES                                                                                                   	9311	93110	0	servicos.subclasses
93191	SERVIÇOS RELACIONADOS, SERVIÇOS DE ENFERMAGEM, FISIOTERAPIA,E SERVIÇOS PARAMÉDICOS                                      	9319	93191	0	servicos.subclasses
